ID,Price,Vendor,Brand,Model,Tab Title
660977.0,39.99,AMD,PowerColor,240,PowerColor AMD Radeon R7 240 Low Profile Single Fan 4GB GDDR5 PCIe 3.0 Graphics Card - Micro Center
660954.0,89.99,AMD,PowerColor,550,PowerColor AMD Radeon RX 550 Red Dragon Low Profile Single Fan 4GB GDDR5 PCIe 3.0 Graphics Card - Micro Center
678144.0,89.99,AMD,PowerColor,5700,PowerColor AMD Radeon RX 5700 Single Fan 8GB GDDR6 PCIe 4.0 Graphics Card (Refurbished) - Micro Center
678145.0,89.99,AMD,ASRock,5700,ASRock AMD Radeon RX 5700 Single Fan 8GB GDDR6 PCIe 4.0 Graphics Card (Refurbished) - Micro Center
678146.0,89.99,AMD,XFX,5700,XFX AMD Radeon RX 5700 Single Fan 8GB GDDR6 PCIe 4.0 Graphics Card (Refurbished) - Micro Center
678147.0,89.99,AMD,ASUS,5700,ASUS AMD Radeon RX 5700 Single Fan 8GB GDDR6 PCIe 4.0 Graphics Card (Refurbished) - Micro Center
678148.0,89.99,AMD,Gigabyte,5700,Gigabyte AMD Radeon RX 5700 Single Fan 8GB GDDR6 PCIe 4.0 Graphics Card (Refurbished) - Micro Center
678149.0,89.99,AMD,Sapphire Technology,5700,Sapphire Technology AMD Radeon RX 5700 Pulse Dual Fan 8GB GDDR6 PCIe 4.0 Graphics Card (Refurbished) - Micro Center
678150.0,89.99,AMD,PowerColor,5700,PowerColor AMD Radeon RX 5700 Red Devil Overclocked Dual Fan 8GB GDDR6 PCIe 4.0 Graphics Card (Refurbished) - Micro Center
678151.0,89.99,AMD,Gigabyte,5700,Gigabyte AMD Radeon RX 5700 Gaming Overclocked Triple Fan 8GB GDDR6 PCIe 4.0 Graphics Card (Refurbished) - Micro Center
678152.0,89.99,AMD,ASRock,5700,ASRock AMD Radeon RX 5700 Challenger D Overclocked Dual Fan 8GB GDDR6 PCIe 4.0 Graphics Card (Refurbished) - Micro Center
678153.0,89.99,AMD,PowerColor,5700,PowerColor AMD Radeon RX 5700 Red Dragon Overclocked Dual Fan 8GB GDDR6 PCIe 4.0 Graphics Card (Refurbished) - Micro Center
678154.0,89.99,AMD,PowerColor,5700,PowerColor AMD Radeon RX 5700 Single Fan 8GB GDDR6 PCIe 4.0 Graphics Card (Refurbished) - Micro Center
678155.0,89.99,AMD,MSI,5700,MSI AMD Radeon RX 5700 Mech Overclocked Dual Fan 8GB GDDR6 PCIe 4.0 Graphics Card (Refurbished) - Micro Center
678157.0,89.99,AMD,Sapphire Technology,5700,Sapphire Technology AMD Radeon RX 5700 Pulse Dual Fan 8GB GDDR6 PCIe 4.0 Graphics Card (Refurbished) - Micro Center
678158.0,89.99,AMD,ASUS,5700,ASUS Radeon RX 5700 XT ROG Strix Overclocked Triple-Fan 8GB GDDR6 PCIe 4.0 Graphics Card (Refurbished) - Micro Center
678156.0,89.99,AMD,MSI,5700,MSI RX 5700 EVOKE Overclocked Dual-Fan 8GB GDDR6 PCIe 4.0 Graphics Card (Refurbished) - Micro Center
678404.0,159.99,AMD,AMD,6400,AMD AMD Radeon PRO W6400 Single Fan 4GB GDDR6 PCIe 4.0 Graphics Card (Refurbished) - Micro Center
678470.0,229.0,AMD,AMD,6400,AMD AMD Radeon PRO W6400 Single Fan 4GB GDDR6 PCIe 4.0 Graphics Card - Micro Center
677208.0,,AMD,Unknown,6400,AMD AMD Radeon PRO W6400 Single Fan 4GB GDDR6 PCIe 4.0 Graphics Card - Micro Center
679890.0,154.99,AMD,ASRock,6500,ASRock AMD Radeon RX 6500 XT Phantom Gaming Overclocked Dual Fan 8GB GDDR6 PCIe 4.0 Graphics Card - Micro Center
678159.0,139.99,AMD,Gigabyte,6600,Gigabyte AMD Radeon RX 6600 Eagle Triple-Fan 8GB GDDR6 PCIe 4.0 Graphics Card (Refurbished) - Micro Center
678160.0,139.99,AMD,ASRock,6600,ASRock AMD Radeon RX 6600 Challenger D Dual Fan 8GB GDDR6 PCIe 4.0 Graphics Card (Refurbished) - Micro Center
678161.0,139.99,AMD,MSI,6600,MSI AMD Radeon RX 6600 Armor V1 Dual Fan 8GB GDDR6 PCIe 4.0 Graphics Card (Refurbished) - Micro Center
678162.0,139.99,AMD,MSI,6600,MSI AMD Radeon RX 6600 Armor Dual Fan 8GB GDDR6 PCIe 4.0 Graphics Card (Refurbished) - Micro Center
678163.0,139.99,AMD,Sapphire Technology,6600,Sapphire Technology AMD Radeon RX 6600 Pulse Dual Fan 8GB GDDR6 PCIe 4.0 Graphics Card (Refurbished) - Micro Center
678164.0,139.99,AMD,PowerColor,6600,PowerColor AMD Radeon RX 6600 Hellhound Dual Fan 8GB GDDR6 PCIe 4.0 Graphics Card (Refurbished) - Micro Center
678165.0,139.99,AMD,Sapphire Technology,6600,Sapphire Technology AMD Radeon RX 6600 Pulse Dual Fan 8GB GDDR6 PCIe 4.0 Graphics Card (Refurbished) - Micro Center
678166.0,139.99,AMD,Sapphire Technology,6600,Sapphire Technology AMD Radeon RX 6600 Pulse Lite Edition Dual Fan 8GB GDDR6 PCIe 4.0 Graphics Card (Refurbished) - Micro Center
678167.0,139.99,AMD,ASUS,6600,ASUS AMD Radeon RX 6600 Dual V2 Dual Fan 8GB GDDR6 PCIe 4.0 Graphics Card (Refurbished) - Micro Center
678168.0,139.99,AMD,ASRock,6600,ASRock AMD Radeon RX 6600 Challenger White Dual Fan 8GB GDDR6 PCIe 4.0 Graphics Card (Refurbished) - Micro Center
678169.0,139.99,AMD,XFX,6600,XFX AMD Radeon RX 6600 Speedster SWFT 210 Core Dual Fan 8GB GDDR6 PCIe 4.0 Graphics Card (Refurbished) - Micro Center
678315.0,179.99,AMD,Sapphire Technology,6600,Sapphire Technology AMD Radeon RX 6600 XT Pulse Overclocked Dual-Fan 8GB GDDR6 PCIe 4.0 Graphics Card (Refurbished) - Micro Center
678316.0,179.99,AMD,XFX,6600,XFX AMD Radeon RX 6600 XT Speedster SWFT 210 Dual Fan 8GB GDDR6 PCIe 4.0 Graphics Card (Refurbished) - Micro Center
677142.0,199.99,AMD,XFX,6600,XFX AMD Radeon RX 6600 Speedster SWFT 210 Core Dual Fan 8GB GDDR6 PCIe 4.0 Graphics Card - Micro Center
678317.0,199.99,AMD,Gigabyte,6650,Gigabyte AMD Radeon RX 6650 XT Gaming Overclocked Triple Fan 8GB GDDR6 PCIe 4.0 Graphics Card (Refurbished) - Micro Center
678318.0,199.99,AMD,Gigabyte,6650,Gigabyte AMD Radeon RX 6650 XT Eagle Triple Fan 8GB GDDR6 PCIe 4.0 Graphics Card (Refurbished) - Micro Center
678319.0,199.99,AMD,Sapphire Technology,6650,Sapphire Technology AMD Radeon RX 6650 XT Nitro Plus Overclocked Dual Fan 8GB GDDR6 PCIe 4.0 Graphics Card (Refurbished) - Micro Center
678320.0,199.99,AMD,PowerColor,6650,PowerColor AMD Radeon RX 6650 XT Fighter Dual Fan 8GB GDDR6 PCIe 4.0 Graphics Card (Refurbished) - Micro Center
678321.0,199.99,AMD,ASRock,6650,ASRock AMD Radeon RX 6650 XT Steel Legend Overclocked Triple Fan 8GB GDDR6 PCIe 4.0 Graphics Card (Refurbished) - Micro Center
678322.0,279.99,AMD,Sapphire Technology,6700,Sapphire Technology AMD Radeon RX 6700 XT Dual-Fan 12GB GDDR6 PCIe 4.0 Graphics Card (Refurbished) - Micro Center
676883.0,289.99,AMD,MSI,6700,MSI AMD Radeon RX 6700 XT Mech 2X Overclocked Dual Fan 12GB GDDR6 PCIe 4.0 Graphics Card (Refurbished) - Micro Center
678323.0,289.99,AMD,Gigabyte,6750,Gigabyte AMD Radeon RX 6750 XT Aorus Elite Overclocked Triple Fan 12GB GDDR6 PCIe 4.0 Graphics Card (Refurbished) - Micro Center
678324.0,289.99,AMD,Gigabyte,6750,Gigabyte AMD Radeon RX 6750 XT Gaming Overclocked Triple Fan 12GB GDDR6 PCIe 4.0 Graphics Card (Refurbished) - Micro Center
678325.0,289.99,AMD,Sapphire Technology,6750,Sapphire Technology AMD Radeon RX 6750 XT Nitro Plus Overclocked Triple Fan 12GB GDDR6 PCIe 4.0 Graphics Card (Refurbished) - Micro Center
678326.0,289.99,AMD,MSI,6750,MSI AMD Radeon RX 6750 XT Mech 2X Dual Fan 12GB GDDR6 PCIe 4.0 Graphics Card (Refurbished) - Micro Center
678327.0,289.99,AMD,XFX,6750,XFX AMD Radeon RX 6750 XT Speedster QICK 319 Ultra Triple Fan 12GB GDDR6 PCIe 4.0 Graphics Card (Refurbished) - Micro Center
678328.0,289.99,AMD,PowerColor,6750,PowerColor AMD Radeon RX 6750 XT Fighter Dual Fan 12GB GDDR6 PCIe 4.0 Graphics Card (Refurbished) - Micro Center
678329.0,289.99,AMD,XFX,6750,XFX AMD Radeon RX 6750 XT Triple Fan 12GB GDDR6 PCIe 4.0 Graphics Card (Refurbished) - Micro Center
676898.0,319.99,AMD,XFX,6750,XFX AMD Radeon RX 6750 XT Triple Fan 12GB GDDR6 PCIe 4.0 Graphics Card - Micro Center
678170.0,329.99,AMD,Sapphire Technology,6800,Sapphire Technology AMD Radeon RX 6800 Nitro Plus Overclocked Triple-Fan 16GB GDDR6 PCIe 4.0 Graphics Card (Refurbished) - Micro Center
678171.0,329.99,AMD,Sapphire Technology,6800,Sapphire Technology AMD Radeon RX 6800 Pulse Overclocked Triple-Fan 16GB GDDR6 PCIe 4.0 Graphics Card (Refurbished) - Micro Center
678172.0,329.99,AMD,XFX,6800,XFX AMD Radeon RX 6800 Speedster SWFT 319 Triple Fan 16GB GDDR6 PCIe 4.0 Graphics Card (Refurbished) - Micro Center
678330.0,389.99,AMD,Sapphire Technology,6800,Sapphire Technology AMD Radeon RX 6800 XT Nitro Plus SE Overclocked Triple Fan 16GB GDDR6 PCIe 4.0 Graphics Card - Micro Center
678331.0,499.99,AMD,Sapphire Technology,6900,Sapphire Technology AMD Radeon RX 6900 XT Triple-Fan 16GB GDDR6 PCIe 4.0 Graphics Card (Refurbished) - Micro Center
678332.0,499.99,AMD,PowerColor,6900,PowerColor AMD Radeon RX 6900 XT Red Devil Overclocked Triple Fan 16GB GDDR6 PCIe 4.0 Graphics Card (Refurbished) - Micro Center
676888.0,519.99,AMD,MSI,6900,MSI AMD Radeon RX 6900 XT Gaming Z Trio Overclocked Triple Fan 16GB GDDR6 PCIe 4.0 Graphics Card (Refurbished) - Micro Center
678333.0,509.99,AMD,Gigabyte,6950,Gigabyte AMD Radeon RX 6950 XT Gaming Overclocked Triple Fan 16GB GDDR6 PCIe 4.0 Graphics Card (Refurbished) - Micro Center
678334.0,509.99,AMD,ASUS,6950,ASUS AMD Radeon RX 6950 XT TUF Gaming Overclocked Triple Fan 16GB GDDR6 PCIe 4.0 Graphics Card (Refurbished) - Micro Center
678335.0,509.99,AMD,Sapphire Technology,6950,Sapphire Technology AMD Radeon RX 6950 XT TOXIC Limited Edition Overclocked Hybrid Cooled 16GB GDDR6 PCIe 4.0 Graphics Card - Micro Center
678336.0,509.99,AMD,Sapphire Technology,6950,Sapphire Technology AMD Radeon RX 6950 XT Nitro Plus Pure Overclocked Triple Fan 16GB GDDR6 PCIe 4.0 Graphics Card - Micro Center
678337.0,509.99,AMD,AMD,6950,AMD Radeon RX 6950 XT Triple Fan 16GB GDDR6 PCIe 4.0 Graphics Card (Refurbished) - Micro Center
678338.0,509.99,AMD,ASRock,6950,ASRock AMD Radeon RX 6950 XT Phantom Gaming Overclocked Triple Fan 16GB GDDR6 PCIe 4.0 Graphics Card (Refurbished) - Micro Center
678173.0,199.99,AMD,MSI,7600,MSI AMD Radeon RX 7600 Mech 2X Classic Overclocked Dual Fan 8GB GDDR6 PCIe 4.0 Graphics Card (Refurbished) - Micro Center
678174.0,199.99,AMD,PowerColor,7600,PowerColor AMD Radeon RX 7600 Hellhound Dual Fan 8GB GDDR6 PCIe 4.0 Graphics Card (Refurbished) - Micro Center
678175.0,199.99,AMD,Sapphire Technology,7600,Sapphire Technology AMD Radeon RX 7600 Pulse Dual Fan 8GB GDDR6 PCIe 4.0 Graphics Card (Refurbished) - Micro Center
678176.0,199.99,AMD,ASRock,7600,ASRock AMD Radeon RX 7600 Challenger Overclocked Dual Fan 8GB GDDR6 PCIe 4.0 Graphics Card (Refurbished) - Micro Center
678177.0,199.99,AMD,ASRock,7600,ASRock AMD Radeon RX 7600 Steel Legend Overclocked Triple Fan 8GB GDDR6 PCIe 4.0 Graphics Card (Refurbished) - Micro Center
678178.0,199.99,AMD,ASRock,7600,ASRock AMD Radeon RX 7600 Phantom Gaming Overclocked Triple Fan 8GB GDDR6 PCIe 4.0 Graphics Card (Refurbished) - Micro Center
678179.0,199.99,AMD,PowerColor,7600,PowerColor AMD Radeon RX 7600 Fighter Dual Fan 8GB GDDR6 PCIe 4.0 Graphics Card (Refurbished) - Micro Center
678180.0,199.99,AMD,ASUS,7600,ASUS AMD Radeon RX 7600 Dual Overclocked Dual Fan 8GB GDDR6 PCIe 4.0 Graphics Card (Refurbished) - Micro Center
678181.0,199.99,AMD,ASUS,7600,ASUS AMD Radeon RX 7600 ROG Strix Overclocked Dual Fan 8GB GDDR6 PCIe 4.0 Graphics Card (Refurbished) - Micro Center
678182.0,199.99,AMD,Gigabyte,7600,Gigabyte AMD Radeon RX 7600 Gaming Overclocked Triple Fan 8GB GDDR6 PCIe 4.0 Graphics Card (Refurbished) - Micro Center
678183.0,199.99,AMD,ASUS,7600,ASUS AMD Radeon RX 7600 Dual V2 Overclocked Dual Fan 8GB GDDR6 PCIe 4.0 Graphics Card (Refurbished) - Micro Center
678184.0,199.99,AMD,XFX,7600,XFX AMD Radeon RX 7600 Speedster QICK 308 Black Edition Triple Fan 8GB GDDR6 PCIe 4.0 Graphics Card (Refurbished) - Micro Center
678185.0,199.99,AMD,XFX,7600,XFX AMD Radeon RX 7600 Speedster SWFT 210 Core Dual Fan 8GB GDDR6 PCIe 4.0 Graphics Card (Refurbished) - Micro Center
677143.0,249.99,AMD,XFX,7600,XFX AMD Radeon RX 7600 Speedster SWFT210 Core Dual Fan 8GB GDDR6 PCIe 4.0 Graphics Card - Micro Center
678339.0,249.99,AMD,ASRock,7600,ASRock AMD Radeon RX 7600 XT Challenger Overclocked Dual Fan 16GB GDDR6 PCIe 4.0 Graphics Card (Refurbished) - Micro Center
678340.0,249.99,AMD,PowerColor,7600,PowerColor AMD Radeon RX 7600 XT Hellhound Dual Fan 16GB GDDR6 PCIe 4.0 Graphics Card (Refurbished) - Micro Center
678341.0,249.99,AMD,PowerColor,7600,PowerColor AMD Radeon RX 7600 XT Fighter Dual Fan 16GB GDDR6 PCIe 4.0 Graphics Card (Refurbished) - Micro Center
678342.0,249.99,AMD,ASRock,7600,ASRock AMD Radeon RX 7600 XT Steel Legend Overclocked Triple Fan 16GB GDDR6 PCIe 4.0 Graphics Card (Refurbished) - Micro Center
678343.0,249.99,AMD,Sapphire Technology,7600,Sapphire Technology AMD Radeon RX 7600 XT Pulse Dual Fan 16GB GDDR6 PCIe 4.0 Graphics Card (Refurbished) - Micro Center
678344.0,249.99,AMD,ASUS,7600,ASUS AMD Radeon RX 7600 XT TUF Gaming Overclocked Triple Fan 16GB GDDR6 PCIe 4.0 Graphics Card (Refurbished) - Micro Center
678345.0,249.99,AMD,ASUS,7600,ASUS AMD Radeon RX 7600 XT Dual Overclocked Dual Fan 16GB GDDR6 PCIe 4.0 Graphics Card - Micro Center
678346.0,249.99,AMD,Gigabyte,7600,Gigabyte AMD Radeon RX 7600 XT Gaming Overclocked Triple Fan 16GB GDDR6 PCIe 4.0 Graphics Card (Refurbished) - Micro Center
678347.0,249.99,AMD,XFX,7600,XFX AMD Radeon RX 7600 XT Speedster SWFT210 Core Dual Fan 16GB GDDR6 PCIe 4.0 Graphics Card (Refurbished) - Micro Center
677012.0,314.99,AMD,Gigabyte,7600,Gigabyte AMD Radeon RX 7600 XT Gaming RGB Overclocked Triple Fan 16GB GDDR6 PCIe 4.0 Graphics Card - Micro Center
676388.0,319.99,AMD,ASRock,7600,ASRock AMD Radeon RX 7600 XT Challenger Overclocked Dual Fan 16GB GDDR6 PCIe 4.0 Graphics Card - Micro Center
677145.0,319.99,AMD,XFX,7600,XFX AMD Radeon RX 7600 XT Speedster SWFT210 Core Dual Fan 16GB GDDR6 PCIe 4.0 Graphics Card - Micro Center
676571.0,329.99,AMD,PowerColor,7600,PowerColor AMD Radeon RX 7600 XT Fighter Dual Fan 16GB GDDR6 PCIe 4.0 Graphics Card - Micro Center
676392.0,339.99,AMD,ASRock,7600,ASRock AMD Radeon RX 7600 XT Steel Legend RGB Overclocked Triple Fan 16GB GDDR6 PCIe 4.0 Graphics Card - Micro Center
676816.0,339.99,AMD,ASUS,7600,ASUS AMD Radeon RX 7600 XT Dual Overclocked Dual Fan 16GB GDDR6 PCIe 4.0 Graphics Card - Micro Center
676570.0,349.99,AMD,PowerColor,7600,PowerColor AMD Radeon RX 7600 XT Hellhound Dual Fan 16GB GDDR6 PCIe 4.0 Graphics Card - Micro Center
676572.0,349.99,AMD,Sapphire Technology,7600,Sapphire Technology AMD Radeon RX 7600 XT Pulse Dual Fan 16GB GDDR6 PCIe 4.0 Graphics Card - Micro Center
676815.0,379.99,AMD,ASUS,7600,ASUS AMD Radeon RX 7600 XT TUF Gaming RGB Overclocked Triple Fan 16GB GDDR6 PCIe 4.0 Graphics Card - Micro Center
678473.0,599.99,AMD,AMD,7600,AMD AMD Radeon Pro W7600 Single Fan 8GB GDDR6 PCIe 4.0 Graphics Card - Micro Center
678348.0,349.99,AMD,Gigabyte,7700,Gigabyte AMD Radeon RX 7700 XT Gaming Overclocked Triple Fan 12GB GDDR6 PCIe 4.0 Graphics Card (Refurbished) - Micro Center
678349.0,349.99,AMD,PowerColor,7700,PowerColor AMD Radeon RX 7700 XT Hellhound Overclocked Triple Fan 12GB GDDR6 PCIe 4.0 Graphics Card (Refurbished) - Micro Center
678350.0,349.99,AMD,PowerColor,7700,PowerColor AMD Radeon RX 7700 XT Fighter Overclocked Triple Fan 12GB GDDR6 PCIe 4.0 Graphics Card (Refurbished) - Micro Center
678351.0,349.99,AMD,PowerColor,7700,PowerColor AMD Radeon RX 7700 XT Red Devil Overclocked Triple Fan 12GB GDDR6 PCIe 4.0 Graphics Card (Refurbished) - Micro Center
678352.0,349.99,AMD,ASUS,7700,ASUS AMD Radeon RX 7700 XT TUF Gaming Overclocked Triple Fan 12GB GDDR6 PCIe 4.0 Graphics Card (Refurbished) - Micro Center
678353.0,349.99,AMD,ASRock,7700,ASRock AMD Radeon RX 7700 XT Phantom Gaming Overclocked Triple Fan 12GB GDDR6 PCIe 4.0 Graphics Card (Refurbished) - Micro Center
678354.0,349.99,AMD,ASRock,7700,ASRock AMD Radeon RX 7700 XT Steel Legend Overclocked Triple Fan 12GB GDDR6 PCIe 4.0 Graphics Card (Refurbished) - Micro Center
678355.0,349.99,AMD,ASRock,7700,ASRock AMD Radeon RX 7700 XT Challenger Overclocked Dual Fan 12GB GDDR6 PCIe 4.0 Graphics Card (Refurbished) - Micro Center
678356.0,349.99,AMD,Sapphire Technology,7700,Sapphire Technology AMD Radeon RX 7700 XT Pulse Dual Fan 12GB GDDR6 PCIe 4.0 Graphics Card (Refurbished) - Micro Center
678357.0,349.99,AMD,Sapphire Technology,7700,Sapphire Technology AMD Radeon RX 7700 XT Nitro Plus Triple Fan 12GB GDDR6 PCIe 4.0 Graphics Card (Refurbished) - Micro Center
678358.0,349.99,AMD,Sapphire Technology,7700,Sapphire Technology AMD Radeon RX 7700 XT Pure Triple Fan 12GB GDDR6 PCIe 4.0 Graphics Card (Refurbished) - Micro Center
678359.0,349.99,AMD,ASUS,7700,ASUS AMD Radeon RX 7700 XT Dual Overclocked Dual Fan 12GB GDDR6 PCIe 4.0 Graphics Card (Refurbished) - Micro Center
678406.0,479.99,AMD,AMD,7700,AMD AMD Radeon Pro W7700 Single Fan 16GB GDDR6 PCIe 4.0 Graphics Card (Refurbished) - Micro Center
678472.0,999.99,AMD,AMD,7700,AMD AMD Radeon Pro W7700 Single Fan 16GB GDDR6 PCIe 4.0 Graphics Card - Micro Center
677205.0,,AMD,Unknown,7700,AMD AMD Radeon Pro W7700 Single Fan 16GB GDDR6 PCIe 4.0 Graphics Card - Micro Center
678360.0,429.99,AMD,PowerColor,7800,PowerColor AMD Radeon RX 7800 XT Red Devil Limited Edition Overclocked Triple Fan 16GB GDDR6 PCIe 4.0 Graphics Card - Micro Center
678361.0,429.99,AMD,PowerColor,7800,PowerColor AMD Radeon RX 7800 XT Hellhound Overclocked Triple Fan 16GB GDDR6 PCIe 4.0 Graphics Card (Refurbished) - Micro Center
678362.0,429.99,AMD,ASUS,7800,ASUS AMD Radeon RX 7800 XT TUF Gaming Overclocked Triple Fan 16GB GDDR6 PCIe 4.0 Graphics Card (Refurbished) - Micro Center
678363.0,429.99,AMD,ASUS,7800,ASUS AMD Radeon RX 7800 XT TUF Gaming White Overclocked Triple Fan 16GB GDDR6 PCIe 4.0 Graphics Card (Refurbished) - Micro Center
678364.0,429.99,AMD,ASRock,7800,ASRock AMD Radeon RX 7800 XT Steel Legend Overclocked Triple Fan 16GB GDDR6 PCIe 4.0 Graphics Card (Refurbished) - Micro Center
678365.0,429.99,AMD,ASRock,7800,ASRock AMD Radeon RX 7800 XT Challenger Overclocked Dual Fan 16GB GDDR6 PCIe 4.0 Graphics Card (Refurbished) - Micro Center
678366.0,429.99,AMD,PowerColor,7800,PowerColor AMD Radeon RX 7800 XT Red Devil Overclocked Triple Fan 16GB GDDR6 PCIe 4.0 Graphics Card (Refurbished) - Micro Center
678367.0,429.99,AMD,ASRock,7800,ASRock AMD Radeon RX 7800 XT Phantom Gaming Overclocked Triple Fan 16GB GDDR6 PCIe 4.0 Graphics Card (Refurbished) - Micro Center
678368.0,429.99,AMD,Gigabyte,7800,Gigabyte AMD Radeon RX 7800 XT Gaming Overclocked Triple Fan 16GB GDDR6 PCIe 4.0 Graphics Card (Refurbished) - Micro Center
678369.0,429.99,AMD,Sapphire Technology,7800,Sapphire Technology AMD Radeon RX 7800 XT Nitro Plus Triple Fan 16GB GDDR6 PCIe 4.0 Graphics Card (Refurbished) - Micro Center
678370.0,429.99,AMD,Sapphire Technology,7800,Sapphire Technology AMD Radeon RX 7800 XT Pulse Dual Fan 16GB GDDR6 PCIe 4.0 Graphics Card (Refurbished) - Micro Center
678371.0,429.99,AMD,Sapphire Technology,7800,Sapphire Technology AMD Radeon RX 7800 XT Pure Triple Fan 16GB GDDR6 PCIe 4.0 Graphics Card (Refurbished) - Micro Center
678372.0,429.99,AMD,PowerColor,7800,PowerColor AMD Radeon RX 7800 XT Fighter Overclocked Tripe Fan 16GB GDDR6 PCIe 4.0 Graphics Card (Refurbished) - Micro Center
678373.0,429.99,AMD,PowerColor,7800,PowerColor Radeon RX 7800 XT Hellhound Spectral White Triple Fan 16GB GDDR6 PCIe 4.0 Graphics Card (Refurbished) - Micro Center
678374.0,429.99,AMD,XFX,7800,XFX AMD Radeon RX 7800 XT Speedster MERC 319 Black Edition Triple Fan 16GB GDDR6 PCIe 4.0 Graphics Card (Refurbished) - Micro Center
678375.0,429.99,AMD,ASUS,7800,ASUS AMD Radeon RX 7800 XT Dual Overclocked Dual Fan 16GB GDDR6 PCIe 4.0 Graphics Card (Refurbished) - Micro Center
676845.0,529.99,AMD,ASRock,7900,ASRock AMD Radeon RX 7900 GRE Challenger Overclocked Dual Fan 16GB GDDR6 PCIe 4.0 Graphics Card - Micro Center
677030.0,539.99,AMD,PowerColor,7900,PowerColor Radeon RX 7900 GRE Fighter Overclocked Triple Fan 16GB GDDR6 PCIe 4.0 Graphics Card - Micro Center
677618.0,539.99,AMD,Gigabyte,7900,Gigabyte AMD Radeon RX 7900 GRE Gaming RGB Overclocked Triple Fan 16GB GDDR6 PCIe 4.0 Graphics Card - Micro Center
676846.0,549.99,AMD,ASRock,7900,ASRock AMD Radeon RX 7900 GRE Steel Legend RGB Overclocked Triple Fan 16GB GDDR6 PCIe 4.0 Graphics Card - Micro Center
677029.0,549.99,AMD,PowerColor,7900,PowerColor Radeon RX 7900 GRE Hellhound Overclocked Triple Fan 16GB GDDR6 PCIe 4.0 Graphics Card - Micro Center
677644.0,549.99,AMD,XFX,7900,XFX AMD Radeon RX 7900 GRE Gaming Triple Fan 16GB GDDR6 PCIe 4.0 Graphics Card - Micro Center
677685.0,554.99,AMD,Sapphire Technology,7900,Sapphire Technology AMD Radeon RX 7900 GRE Pulse Overclocked Triple Fan 16GB GDDR6 PCIe 4.0 Graphics Card - Micro Center
677684.0,569.99,AMD,Sapphire Technology,7900,Sapphire Technology AMD Radeon RX 7900 GRE Pure Overclocked Triple Fan 16GB GDDR6 PCIe 4.0 Graphics Card - Micro Center
678376.0,619.99,AMD,XFX,7900,XFX AMD Radeon RX 7900 XT Speedster MERC 310 Black Edition Triple Fan 20GB GDDR6 PCIe 4.0 Graphics Card (Refurbished) - Micro Center
678377.0,619.99,AMD,ASRock,7900,ASRock AMD Radeon RX 7900 XTX Hellhound Spectral White Overclocked Triple Fan 24GB GDDR6 PCIe 4.0 Graphics Card (Refurbished) - Micro Center
677676.0,689.99,AMD,Sapphire Technology,7900,Sapphire Technology AMD Radeon RX 7900 GRE Nitro Overclocked Triple Fan 16GB GDDR6 PCIe 4.0 Graphics Card - Micro Center
678378.0,809.99,AMD,PowerColor,7900,PowerColor AMD Radeon RX 7900 XTX Hellhound Spectral White Overclocked Triple Fan 24GB GDDR6 PCIe 4.0 Graphics Card - Micro Center
678379.0,809.99,AMD,XFX,7900,XFX AMD Radeon RX 7900 XTX Speedster MERC 310 Black Edition Triple Fan 24GB GDDR6 PCIe 4.0 Graphics Card (Refurbished) - Micro Center
666000.0,999.99,AMD,ASRock,7900,ASRock AMD Radeon RX 7900 XTX Taichi White RGB Overclocked Triple Fan 24GB GDDR6 PCIe 4.0 Graphics Card - Micro Center
678396.0,159.99,AMD,PowerColor,Unknown,PowerColor Radeon VII Triple-Fan 16GB HBM2 PCIe Graphics Card (Refurbished) - Micro Center
678405.0,369.99,AMD,AMD,Unknown,AMD AMD Radeon PRO W7500 Single Fan 8GB GDDR6 PCIe 4.0 Graphics Card (Refurbished) - Micro Center
678471.0,429.99,AMD,AMD,Unknown,AMD AMD Radeon PRO W7500 Single Fan 8GB GDDR6 PCIe 4.0 Graphics Card - Micro Center
677207.0,,AMD,Unknown,Unknown,AMD AMD Radeon PRO W7500 Single Fan 8GB GDDR6 PCIe 4.0 Graphics Card - Micro Center
676564.0,99.99,Intel,Sparkle,A310,Sparkle Intel Arc A310 ECO Low Profile Single Fan 4GB GDDR6 PCIe 4.0 Graphics Card - Micro Center
676563.0,124.99,Intel,Sparkle,A380,Sparkle Intel Arc A380 GENIE Low Profile Dual Fan 6GB GDDR6 PCIe 4.0 Graphics Card - Micro Center
678384.0,109.99,Intel,Sparkle,A580,Sparkle Intel Arc A580 ORC Overclocked Dual Fan 8GB GDDR6 PCIe 4.0 Graphics Card (Refurbished) - Micro Center
678385.0,109.99,Intel,ASRock,A580,ASRock Intel Arc A580 Challenger Overclocked Dual Fan 8GB GDDR6 PCIe 4.0 Graphics Card (Refurbished) - Micro Center
678386.0,139.99,Intel,Intel,A750,Intel Arc A750 Limited Edition Dual Fan 8GB GDDR6 PCIe 4.0 Graphics Card (Refurbished) - Micro Center
678387.0,139.99,Intel,ASRock,A750,ASRock Intel Arc A750 Challenger D Overclocked Dual Fan 8GB GDDR6 PCIe 4.0 Graphics Card (Refurbished) - Micro Center
678388.0,139.99,Intel,Sparkle,A750,Sparkle Intel Arc A750 Titan Overclocked Triple Fan 8GB GDDR6 PCIe 4.0 Graphics Card (Refurbished) - Micro Center
678389.0,139.99,Intel,Sparkle,A750,Sparkle Intel Arc A750 ORC Overclocked Dual Fan 8GB GDDR6 PCIe 4.0 Graphics Card (Refurbished) - Micro Center
660979.0,189.99,Intel,ASRock,A750,ASRock Intel Arc A750 Challenger D Overclocked Dual Fan 8GB GDDR6 PCIe 4.0 Graphics Card - Micro Center
660980.0,207.99,Intel,ASRock,A770,ASRock Intel Arc A770 Phantom Gaming D Overclocked Triple Fan 8GB GDDR6 PCIe 4.0 Graphics Card - Micro Center
678390.0,239.99,Intel,Intel,A770,Intel Arc A770 Limited Edition Dual Fan 16GB GDDR6 PCIe 4.0 Graphics Card (Refurbished) - Micro Center
678391.0,239.99,Intel,ASRock,A770,ASRock Intel Arc A770 Phantom Gaming D Overclocked Triple Fan 8GB GDDR6 PCIe 4.0 Graphics Card (Refurbished) - Micro Center
678392.0,239.99,Intel,Intel,A770,Intel Arc A770 Limited Edition Dual Fan 16GB GDDR6 PCIe 4.0 Graphics Card (Refurbished) - Micro Center
678393.0,239.99,Intel,Acer,A770,Acer Intel Arc A770 BiFrost Overclocked Dual Fan 16GB GDDR6 PCIe 4.0 Graphics Card (Refurbished) - Micro Center
678394.0,239.99,Intel,ASRock,A770,ASRock Intel Arc A770 Phantom Gaming Overclocked Triple Fan 16GB GDDR6 PCIe 4.0 Graphics Card (Refurbished) - Micro Center
678395.0,239.99,Intel,Sparkle,A770,Sparkle Intel Arc A770 Titan Overclocked Triple Fan 16GB GDDR6 PCIe 4.0 Graphics Card (Refurbished) - Micro Center
676884.0,49.99,Nvidia,MSI,1030,MSI NVIDIA GeForce GT 1030 2GD4 LP Overclocked Single Fan 2GB GDDR4 PCIe 3.0 Graphics Card (Refurbished) - Micro Center
676878.0,69.99,Nvidia,MSI,1050,MSI NVIDIA GeForce GTX 1050 Ti Gaming X Dual Fan 4GB GDDR5 PCIe 3.0 Graphics Card (Refurbished) - Micro Center
672119.0,99.99,Nvidia,ASUS,1070,ASUS NVIDIA GeForce GTX 1070 Ti ROG Strix Overclocked Triple Fan 8GB GDDR5 PCIe 3.0 Graphics Card (Refurbished) - Micro Center
676890.0,99.99,Nvidia,MSI,1650,MSI NVIDIA GeForce GTX 1650 Gaming X Dual Fan 4GB GDDR5 PCIe 3.0 Graphics Card (Refurbished) - Micro Center
677013.0,149.99,Nvidia,Gigabyte,1650,Gigabyte NVIDIA GeForce GTX 1650 D6 Overclocked Single Fan 4GB GDDR6 PCIe 3.0 Graphics Card - Micro Center
678186.0,99.99,Nvidia,Zotac,1660,Zotac NVIDIA GeForce GTX 1660 SUPER AMP Dual Fan 6GB GDDR6 PCIe 3.0 Graphics Card (Refurbished) - Micro Center
677081.0,143.99,Nvidia,Gigabyte,3050,Gigabyte NVIDIA GeForce RTX 3050 Eagle Overclocked Dual Fan 6GB GDDR6 PCIe 4.0 Graphics Card - Micro Center
678077.0,159.99,Nvidia,Gigabyte,3050,Gigabyte NVIDIA GeForce RTX 3050 Windforce Overclocked Dual Fan 8GB GDDR6 PCIe 4.0 Graphics Card (Refurbished) - Micro Center
678078.0,159.99,Nvidia,Zotac,3050,Zotac NVIDIA GeForce RTX 3050 AMP Dual Fan 8GB GDDR6 PCIe 4.0 Graphics Card (Refurbished) - Micro Center
678079.0,159.99,Nvidia,MSI,3050,MSI NVIDIA GeForce RTX 3050 Ventus 2X XS Overclocked Dual Fan 8GB GDDR6 PCIe 4.0 Graphics Card (Refurbished) - Micro Center
678080.0,159.99,Nvidia,ASUS,3050,ASUS NVIDIA GeForce RTX 3050 Dual Overclocked Dual Fan 6GB GDDR6 PCIe 4.0 Graphics Card (Refurbished) - Micro Center
678081.0,159.99,Nvidia,Gigabyte,3050,Gigabyte NVIDIA GeForce RTX 3050 LP Overclocked Dual Fan 6GB GDDR6 PCIe 4.0 Graphics Card (Refurbished) - Micro Center
678082.0,159.99,Nvidia,Gigabyte,3050,Gigabyte NVIDIA GeForce RTX 3050 Eagle Overclocked Dual Fan 6GB GDDR6 PCIe 4.0 Graphics Card (Refurbished) - Micro Center
677080.0,171.99,Nvidia,Gigabyte,3050,Gigabyte NVIDIA GeForce RTX 3050 Low Profile Overclocked Dual Fan 6GB GDDR6 PCIe 4.0 Graphics Card - Micro Center
677171.0,174.99,Nvidia,Zotac,3050,Zotac NVIDIA GeForce RTX 3050 Gaming LP Dual Fan 6GB GDDR6 PCIe 4.0 Graphics Card - Micro Center
676889.0,179.99,Nvidia,MSI,3050,MSI NVIDIA GeForce RTX 3050 Gaming X Overclocked Dual Fan 8GB GDDR6 PCIe 4.0 Graphics Card (Refurbished) - Micro Center
677063.0,179.99,Nvidia,ASUS,3050,ASUS NVIDIA GeForce RTX 3050 Dual Overclocked Dual Fan 6GB GDDR6 PCIe 4.0 Graphics Card - Micro Center
657039.0,38.88,Nvidia,PNY,3060,PNY NVIDIA GeForce RTX 3060 Ti Verto LHR Dual Fan 8GB GDDR6 PCIe 4.0 Graphics Card - Micro Center
678083.0,229.99,Nvidia,EVGA,3060,EVGA NVIDIA GeForce RTX 3060 XC Black Gaming Dual Fan 12GB GDDR6 PCIe 4.0 Graphics Card (Refurbished) - Micro Center
678084.0,229.99,Nvidia,Gigabyte,3060,Gigabyte NVIDIA GeForce RTX 3060 Windforce Overclocked Dual Fan 12GB GDDR6 PCIe 4.0 Graphics Card (Refurbished) - Micro Center
678085.0,229.99,Nvidia,ASUS,3060,ASUS NVIDIA GeForce RTX 3060 Dual White Overclocked Dual Fan 12GB GDDR6 PCIe 4.0 Graphics Card (Refurbished) - Micro Center
678086.0,229.99,Nvidia,ASUS,3060,ASUS NVIDIA GeForce RTX 3060 Dual White Dual Fan 12GB GDDR6 PCIe 4.0 Graphics Card (Refurbished) - Micro Center
678087.0,229.99,Nvidia,Gigabyte,3060,Gigabyte NVIDIA GeForce RTX 3060 Gaming Rev 2 Overclocked Triple Fan 12GB GDDR6 PCIe 4.0 Graphics Card (Refurbished) - Micro Center
678088.0,229.99,Nvidia,Gigabyte,3060,Gigabyte NVIDIA GeForce RTX 3060 Gaming Overclocked Dual Fan 12GB GDDR6 PCIe 4.0 Graphics Card (Refurbished) - Micro Center
678089.0,229.99,Nvidia,Gigabyte,3060,Gigabyte NVIDIA GeForce RTX 3060 Windforce Overclocked Dual Fan 12GB GDDR6 PCIe 4.0 Graphics Card (Refurbished) - Micro Center
678090.0,229.99,Nvidia,PNY,3060,PNY NVIDIA GeForce RTX 3060 Verto Dual Fan 8GB GDDR6 PCIe 4.0 Graphics Card (Refurbished) - Micro Center
678091.0,229.99,Nvidia,Zotac,3060,Zotac NVIDIA GeForce RTX 3060 Twin Edge Dual Fan 12GB GDDR6 PCIe 4.0 Graphics Card (Refurbished) - Micro Center
676882.0,239.99,Nvidia,MSI,3060,MSI NVIDIA GeForce RTX 3060 Gaming X Dual Fan 12GB GDDR6 PCIe 4.0 Graphics Card (Refurbished) - Micro Center
676892.0,239.99,Nvidia,Gigabyte,3060,Gigabyte NVIDIA GeForce RTX 3060 Eagle Rev 2 Overclocked Dual Fan 12GB GDDR6 PCIe 4.0 Graphics Card (Refurbished) - Micro Center
678187.0,239.99,Nvidia,ASUS,3060,ASUS NVIDIA GeForce RTX 3060 Ti Dual White Overclocked Dual Fan 8GB GDDR6X PCIe 4.0 Graphics Card (Refurbished) - Micro Center
678188.0,239.99,Nvidia,Gigabyte,3060,Gigabyte NVIDIA GeForce RTX 3060 Ti Eagle Overclocked Triple Fan 8GB GDDR6X PCIe 4.0 Graphics Card (Refurbished) - Micro Center
678189.0,239.99,Nvidia,ASUS,3060,ASUS NVIDIA GeForce RTX 3060 Ti TUF Gaming Overclocked Triple Fan 8GB GDDR6 PCIe 4.0 Graphics Card (Refurbished) - Micro Center
678190.0,239.99,Nvidia,MSI,3060,MSI NVIDIA GeForce RTX 3060 Ti Ventus 2X Overclocked Dual Fan 8GB GDDR6 PCIe 4.0 Graphics Card (Refurbished) - Micro Center
678191.0,239.99,Nvidia,Gigabyte,3060,Gigabyte GeForce RTX 3060 Ti WINDFORCE Overclocked Dual-Fan 8GB GDDR6 PCIe 4.0 Graphics Card (Refurbished) - Micro Center
678192.0,239.99,Nvidia,Zotac,3060,Zotac NVIDIA GeForce RTX 3060 Ti Twin Edge LHR Overclocked Dual-Fan 8GB GDDR6 PCIe 4.0 Graphics Card (Refurbished) - Micro Center
676881.0,249.99,Nvidia,MSI,3060,MSI NVIDIA GeForce RTX 3060 Ti Ventus 2x Overclocked Dual Fan 8GB GDDR6 PCIe 4.0 Graphics Card (Refurbished) - Micro Center
678496.0,249.99,Nvidia,NVIDIA,3060,NVIDIA GeForce RTX 3060 Ti Founders Edition Dual-Fan 8GB GDDR6 PCIe 4.0 Graphics Card (Refurbished) - Micro Center
660884.0,22.12,Nvidia,PNY,3070,PNY NVIDIA GeForce RTX 3070 Ti XLR8 Verto Triple Fan 8GB GDDR6X PCIe 4.0 Graphics Card - Micro Center
678193.0,289.99,Nvidia,ASUS,3070,ASUS NVIDIA GeForce RTX 3070 Ti Dual Overclocked Dual Fan 8GB GDDR6X PCIe 4.0 Graphics Card (Refurbished) - Micro Center
678495.0,299.99,Nvidia,NVIDIA,3070,NVIDIA GeForce RTX 3070 Founders Edition Dual Fan 8GB GDDR6 PCIe 4.0 Graphics Card (Refurbished) - Micro Center
676879.0,329.99,Nvidia,MSI,3070,MSI NVIDIA GeForce RTX 3070 Ventus 3x Overclocked Triple Fan 8GB GDDR6 PCIe 4.0 Graphics Card (Refurbished) - Micro Center
676893.0,329.99,Nvidia,Gigabyte,3070,Gigabyte NVIDIA GeForce RTX 3070 Gaming LHR Overclocked Triple Fan 8GB GDDR6 PCIe 4.0 Graphics Card (Refurbished) - Micro Center
678494.0,329.99,Nvidia,NVIDIA,3070,NVIDIA NVIDIA GeForce RTX 3070 Ti Founders Edition Dual-Fan 8GB GDDR6X PCIe 4.0 Graphics Card (Refurbished) - Micro Center
676887.0,349.99,Nvidia,MSI,3070,MSI NVIDIA GeForce RTX 3070 Ti Suprim X Overclocked Triple Fan 8GB GDDR6 PCIe 4.0 Graphics Card (Refurbished) - Micro Center
676876.0,399.99,Nvidia,MSI,3080,MSI NVIDIA GeForce RTX 3080 Gaming X Trio Overclocked Triple Fan 10GB GDDR6X PCIe 4.0 Graphics Card (Refurbished) - Micro Center
676885.0,399.99,Nvidia,MSI,3080,MSI NVIDIA GeForce RTX 3080 Gaming Z Trio Overclocked Triple Fan 10GB GDDR6X PCIe 4.0 Graphics Card (Refurbished) - Micro Center
676886.0,399.99,Nvidia,MSI,3080,MSI NVIDIA GeForce RTX 3080 Ventus 3X LHR Overclocked Triple Fan 10GB GDDR6X PCIe 4.0 Graphics Card (Refurbished) - Micro Center
676891.0,399.99,Nvidia,MSI,3080,MSI NVIDIA GeForce RTX 3080 Ventus 3X Overclocked Triple Fan 10GB GDDR6X PCIe 4.0 Graphics Card (Refurbished) - Micro Center
677158.0,399.99,Nvidia,NVIDIA,3080,NVIDIA GeForce RTX 3080 Founders Edition Dual Fan 10GB GDDR6X PCIe 4.0 Graphics Card (Refurbished) - Micro Center
678092.0,399.99,Nvidia,Gigabyte,3080,Gigabyte NVIDIA GeForce RTX 3080 Gaming LHR Overclocked Triple-Fan 10GB GDDR6X PCIe 4.0 Graphics Card (Refurbished) - Micro Center
678093.0,399.99,Nvidia,MSI,3080,MSI NVIDIA GeForce RTX 3080 Ventus 3X Overclocked Triple Fan 10GB GDDR6X PCIe 4.0 Graphics Card (Refurbished) - Micro Center
678194.0,439.99,Nvidia,EVGA,3080,EVGA NVIDIA GeForce RTX 3080 XC3 Ultra Hydro Copper Gaming LHR Overclocked Liquid Cooled 12GB GDDR6X PCIe 4.0 Graphics Card - Micro Center
677157.0,449.99,Nvidia,NVIDIA,3080,NVIDIA GeForce RTX 3080 Ti Founders Edition Dual-Fan 12GB GDDR6X PCIe 4.0 Graphics Card (Refurbished) - Micro Center
678195.0,449.99,Nvidia,NVIDIA,3080,NVIDIA GeForce RTX 3080 Ti Founders Edition Dual-Fan 12GB GDDR6X PCIe 4.0 Graphics Card (Refurbished) - Micro Center
678196.0,449.99,Nvidia,EVGA,3080,EVGA NVIDIA GeForce RTX 3080 Ti XC3 Ultra Hydro Copper Gaming Overclocked Liquid Cooled 12GB GDDR6X PCIe 4.0 Graphics Card - Micro Center
678197.0,449.99,Nvidia,ASUS,3080,ASUS NVIDIA GeForce RTX 3080 Ti TUF Gaming Triple Fan 12 GB GDDR6X PCIe 4.0 Graphics Card (Refurbished) - Micro Center
676877.0,699.99,Nvidia,MSI,3090,MSI NVIDIA GeForce RTX 3090 Gaming X Trio Overclocked Triple Fan 24GB GDDR6X PCIe 4.0 Graphics Card (Refurbished) - Micro Center
676880.0,699.99,Nvidia,MSI,3090,MSI NVIDIA GeForce RTX 3090 Suprim X Overclocked Triple Fan 24GB GDDR6X PCIe 4.0 Graphics Card (Refurbished) - Micro Center
677156.0,699.99,Nvidia,NVIDIA,3090,NVIDIA GeForce RTX 3090 Founders Edition Dual Fan 24GB GDDR6X PCIe 4.0 Graphics Card (Refurbished) - Micro Center
678094.0,699.99,Nvidia,ASUS,3090,ASUS NVIDIA GeForce RTX 3090 ROG Strix EVA Edition Overclocked Dual Fan 24GB GDDR6X PCIe 4.0 Graphics Card (Refurbished) - Micro Center
678198.0,799.99,Nvidia,Gigabyte,3090,Gigabyte NVIDIA GeForce RTX 3090 Ti Gaming Triple Fan 24GB GDDR6X PCIe 4.0 Graphics Card (Refurbished) - Micro Center
678095.0,239.99,Nvidia,ASUS,4060,ASUS NVIDIA GeForce RTX 4060 Dual Overclocked Dual Fan 8GB GDDR6X PCIe 4.0 Graphics Card (Refurbished) - Micro Center
678096.0,239.99,Nvidia,ASUS,4060,ASUS NVIDIA GeForce RTX 4060 ROG Strix Overclocked Triple Fan 8GB GDDR6X PCIe 4.0 Graphics Card (Refurbished) - Micro Center
678097.0,239.99,Nvidia,Gigabyte,4060,Gigabyte NVIDIA GeForce RTX 4060 Aero Overclocked Triple Fan 8GB GDDR6 PCIe 4.0 Graphics Card (Refurbished) - Micro Center
678098.0,239.99,Nvidia,Gigabyte,4060,Gigabyte NVIDIA GeForce RTX 4060 AORUS Elite Overclocked Triple Fan 8GB GDDR6 PCIe 4.0 Graphics Card (Refurbished) - Micro Center
678099.0,239.99,Nvidia,Gigabyte,4060,Gigabyte NVIDIA GeForce RTX 4060 Windforce Overclocked Dual Fan 8GB GDDR6 PCIe 4.0 Graphics Card (Refurbished) - Micro Center
678100.0,239.99,Nvidia,Gigabyte,4060,Gigabyte NVIDIA GeForce RTX 4060 Gaming Overclocked Triple Fan 8GB GDDR6 PCIe 4.0 Graphics Card (Refurbished) - Micro Center
678101.0,239.99,Nvidia,Gigabyte,4060,Gigabyte NVIDIA GeForce RTX 4060 Eagle Overclocked Triple Fan 8GB GDDR6 PCIe 4.0 Graphics Card (Refurbished) - Micro Center
678102.0,239.99,Nvidia,MSI,4060,MSI NVIDIA GeForce RTX 4060 Ventus 2X Black Overclocked Dual Fan 8GB GDDR6 PCIe 4.0 Graphics Card (Refurbished) - Micro Center
678103.0,239.99,Nvidia,Zotac,4060,Zotac NVIDIA GeForce RTX 4060 Solo Single Fan 8GB GDDR6 PCIe 4.0 Graphics Card (Refurbished) - Micro Center
678105.0,239.99,Nvidia,Zotac,4060,Zotac NVIDIA GeForce RTX 4060 Twin Edge White Overclocked Dual Fan 8GB GDDR6 PCIe 4.0 Graphics Card (Refurbished) - Micro Center
678106.0,239.99,Nvidia,PNY,4060,PNY NVIDIA GeForce RTX 4060 Gaming Verto Dual Fan 8GB GDDR6 PCIe 4.0 Graphics Card (Refurbished) - Micro Center
678107.0,239.99,Nvidia,PNY,4060,PNY NVIDIA GeForce RTX 4060 XLR8 Gaming Verto Overclocked Triple Fan 8GB GDDR6 PCIe 4.0 Graphics Card (Refurbished) - Micro Center
678108.0,239.99,Nvidia,MSI,4060,MSI NVIDIA GeForce RTX 4060 Gaming X Dual Fan 8GB GDDR6 PCIe 4.0 Graphics Card (Refurbished) - Micro Center
678109.0,239.99,Nvidia,MSI,4060,MSI NVIDIA GeForce RTX 4060 Gaming Dual Fan 8GB GDDR6 PCIe 4.0 Graphics Card (Refurbished) - Micro Center
678110.0,239.99,Nvidia,MSI,4060,MSI NVIDIA GeForce RTX 4060 Ventus 2X Black Overclocked Dual Fan 8GB GDDR6 PCIe 4.0 Graphics Card (Refurbished) - Micro Center
678111.0,239.99,Nvidia,Gigabyte,4060,Gigabyte NVIDIA GeForce RTX 4060 Low Profile Overclocked Triple Fan 8GB GDDR6 PCIe 4.0 Graphics Card (Refurbished) - Micro Center
678112.0,239.99,Nvidia,ASUS,4060,ASUS NVIDIA GeForce RTX 4060 ProArt Overclocked Triple Fan 8GB GDDR6 PCIe 4.0 Graphics Card (Refurbished) - Micro Center
678113.0,239.99,Nvidia,ASUS,4060,ASUS NVIDIA GeForce RTX 4060 Dual White Overclocked Dual Fan 8GB GDDR6 PCIe 4.0 Graphics Card (Refurbished) - Micro Center
678114.0,239.99,Nvidia,MSI,4060,MSI NVIDIA GeForce RTX 4060 VENTUS 2X White Overclocked Dual Fan 8GB GDDR6 PCIe 4.0 Graphics Card (Refurbished) - Micro Center
678115.0,239.99,Nvidia,PNY,4060,PNY NVIDIA GeForce RTX 4060 XLR8 Gaming Verto Dual Fan 8GB GDDR6 PCIe 4.0 Graphics Card (Refurbished) - Micro Center
678116.0,239.99,Nvidia,Zotac,4060,Zotac NVIDIA GeForce RTX 4060 Twin Edge Overclocked Dual Fan 8GB GDDR6 PCIe 4.0 Graphics Card (Refurbished) - Micro Center
671036.0,304.99,Nvidia,MSI,4060,MSI NVIDIA GeForce RTX 4060 VENTUS 2X White Overclocked Dual Fan 8GB GDDR6 PCIe 4.0 Graphics Card - Micro Center
678533.0,309.99,Nvidia,ASUS,4060,ASUS NVIDIA GeForce RTX 4060 Dual EVO Overclocked Dual Fan 8GB GDDR6 PCIe 4.0 Graphics Card - Micro Center
678199.0,329.99,Nvidia,ASUS,4060,ASUS NVIDIA GeForce RTX 4060 Ti TUF Gaming Overclocked Triple Fan 8GB GDDR6 PCIe 4.0 Graphics Card (Refurbished) - Micro Center
678200.0,329.99,Nvidia,ASUS,4060,ASUS NVIDIA GeForce RTX 4060 Ti Dual Overclocked Dual Fan 8GB GDDR6 PCIe 4.0 Graphics Card (Refurbished) - Micro Center
678201.0,329.99,Nvidia,Gigabyte,4060,Gigabyte NVIDIA GeForce RTX 4060 Ti Aorus Elite Overclocked Triple Fan 8GB GDDR6 PCIe 4.0 Graphics Card (Refurbished) - Micro Center
678202.0,329.99,Nvidia,Gigabyte,4060,Gigabyte NVIDIA GeForce RTX 4060 Ti Eagle Triple Fan 8GB GDDR6 PCIe 4.0 Graphics Card (Refurbished) - Micro Center
678203.0,329.99,Nvidia,Gigabyte,4060,Gigabyte NVIDIA GeForce RTX 4060 Ti Eagle Overclocked Triple Fan 8GB GDDR6 PCIe 4.0 Graphics Card (Refurbished) - Micro Center
678204.0,329.99,Nvidia,Gigabyte,4060,Gigabyte NVIDIA GeForce RTX 4060 Ti Aero Overclocked Triple Fan 8GB GDDR6 PCIe 4.0 Graphics Card (Refurbished) - Micro Center
678205.0,329.99,Nvidia,Gigabyte,4060,Gigabyte NVIDIA GeForce RTX 4060 Ti Gaming Overclocked Triple Fan 16GB GDDR6 PCIe 4.0 Graphics Card (Refurbished) - Micro Center
678206.0,329.99,Nvidia,MSI,4060,MSI NVIDIA GeForce RTX 4060 Ti Gaming X Trio Triple Fan 8GB GDDR6 PCIe 4.0 Graphics Card (Refurbished) - Micro Center
678207.0,329.99,Nvidia,MSI,4060,MSI NVIDIA GeForce RTX 4060 Ti Ventus 3X Overclocked Triple Fan 8GB GDDR6 PCIe 4.0 Graphics Card (Refurbished) - Micro Center
678208.0,329.99,Nvidia,Zotac,4060,Zotac NVIDIA GeForce RTX 4060 Ti Twin Edge Dual Fan 8GB GDDR6 PCIe 4.0 Graphics Card (Refurbished) - Micro Center
678209.0,329.99,Nvidia,MSI,4060,MSI NVIDIA GeForce RTX 4060 Ti Gaming X Dual Fan 8GB GDDR6 PCIe 4.0 Graphics Card (Refurbished) - Micro Center
678210.0,329.99,Nvidia,ASUS,4060,ASUS NVIDIA GeForce RTX 4060 Ti Dual White Overclocked Dual Fan 8GB GDDR6 PCIe 4.0 Graphics Card (Refurbished) - Micro Center
678211.0,329.99,Nvidia,PNY,4060,PNY NVIDIA GeForce RTX 4060 Ti XLR8 Gaming Verto Epic-X RGB Triple Fan 8GB GDDR6 PCIe 4.0 Graphics Card (Refurbished) - Micro Center
678212.0,329.99,Nvidia,PNY,4060,PNY NVIDIA GeForce RTX 4060 Ti VERTO Dual Fan 8GB GDDR6 PCIe 4.0 Graphics Card (Refurbished) - Micro Center
678213.0,329.99,Nvidia,Zotac,4060,Zotac NVIDIA GeForce RTX 4060 Ti Twin Edge Spider-Man Edition Overclocked Dual Fan 8GB GDDR6 PCIe 4.0 Graphics Card - Micro Center
678214.0,329.99,Nvidia,Zotac,4060,Zotac NVIDIA GeForce RTX 4060 Ti Twin Edge White Edition Overclocked Dual Fan 8GB GDDR6 PCIe 4.0 Graphics Card (Refurbished) - Micro Center
678215.0,329.99,Nvidia,Gigabyte,4060,Gigabyte NVIDIA GeForce RTX 4060 Ti Windforce Overclocked Dual Fan 8GB GDDR6 PCIe 4.0 Graphics Card (Refurbished) - Micro Center
678216.0,329.99,Nvidia,MSI,4060,MSI NVIDIA GeForce RTX 4060 Ti Ventus 2X Black Overclocked Dual Fan 8GB GDDR6 PCIe 4.0 Graphics Card (Refurbished) - Micro Center
678217.0,329.99,Nvidia,ASUS,4060,ASUS NVIDIA GeForce RTX 4060 Ti Dual White Edition Overclocked Dual Fan 8GB GDDR6 PCIe 4.0 Graphics Card (Refurbished) - Micro Center
678218.0,329.99,Nvidia,ASUS,4060,ASUS NVIDIA GeForce RTX 4060 Ti ROG Strix Overclocked Triple Fan 8GB GDDR6 PCIe 4.0 Graphics Card (Refurbished) - Micro Center
678219.0,329.99,Nvidia,ASUS,4060,ASUS NVIDIA GeForce RTX 4060 Ti Dual Overclocked Dual Fan 8GB GDDR6 PCIe 4.0 Graphics Card with SSD Slot (Refurbished) - Micro Center
678220.0,329.99,Nvidia,Zotac,4060,Zotac NVIDIA GeForce RTX 4060 Ti Gaming Overclocked Dual Fan 8GB GDDR6 PCIe 4.0 Graphics Card (Refurbished) - Micro Center
678221.0,379.99,Nvidia,Gigabyte,4060,Gigabyte NVIDIA GeForce RTX 4060 Ti Aero Overclocked Triple Fan 16GB GDDR6 PCIe 4.0 Graphics Card (Refurbished) - Micro Center
678222.0,379.99,Nvidia,Gigabyte,4060,Gigabyte NVIDIA GeForce RTX 4060 Ti Gaming Overclocked Triple Fan 16GB GDDR6 PCIe 4.0 Graphics Card (Refurbished) - Micro Center
678223.0,379.99,Nvidia,ASUS,4060,ASUS NVIDIA GeForce RTX 4060 Ti Dual Overclocked Dual Fan 16GB GDDR6 PCIe 4.0 Graphics Card (Refurbished) - Micro Center
678224.0,379.99,Nvidia,ASUS,4060,ASUS NVIDIA GeForce RTX 4060 Ti ROG Strix Overclocked Triple Fan 16GB GDDR6 PCIe 4.0 Graphics Card (Refurbished) - Micro Center
678225.0,379.99,Nvidia,Zotac,4060,Zotac NVIDIA GeForce RTX 4060 Ti AMP Spider-Man Edition Dual Fan 16GB GDDR6 PCIe 4.0 Graphics Card (Refurbished) - Micro Center
678226.0,379.99,Nvidia,ASUS,4060,ASUS NVIDIA GeForce RTX 4060 Ti ProArt Overclocked Triple Fan 16GB GDDR6 PCIe 4.0 Graphics Card (Refurbished) - Micro Center
678227.0,379.99,Nvidia,MSI,4060,MSI NVIDIA GeForce RTX 4060 Ti Ventus 3X Overclocked Triple Fan 16GB GDDR6 PCIe 4.0 Graphics Card (Refurbished) - Micro Center
678228.0,379.99,Nvidia,MSI,4060,MSI NVIDIA GeForce RTX 4060 Ti Ventus 2X Black Overclocked Dual Fan 16GB GDDR6 PCIe 4.0 Graphics Card (Refurbished) - Micro Center
678229.0,379.99,Nvidia,MSI,4060,MSI NVIDIA GeForce RTX 4060 Ti Gaming X Slim White Overclocked Triple Fan 16GB GDDR6 PCIe 4.0 Graphics Card (Refurbished) - Micro Center
678230.0,379.99,Nvidia,MSI,4060,MSI NVIDIA GeForce RTX 4060 Ti Gaming X Overclocked Triple Fan 16GB GDDR6 PCIe 4.0 Graphics Card (Refurbished) - Micro Center
678231.0,379.99,Nvidia,PNY,4060,PNY NVIDIA GeForce RTX 4060 Ti Verto Overclocked Dual Fan 16GB GDDR6 PCIe 4.0 Graphics Card (Refurbished) - Micro Center
678232.0,379.99,Nvidia,PNY,4060,PNY NVIDIA GeForce RTX 4060 Ti XLR8 Gaming VERTO Overclocked Triple Fan 16GB GDDR6 PCIe 4.0 Graphics Card (Refurbished) - Micro Center
678233.0,379.99,Nvidia,PNY,4060,PNY NVIDIA GeForce RTX 4060 Ti XLR8 Gaming Verto Overclocked Dual Fan 16GB GDDR6 PCIe 4.0 Graphics Card (Refurbished) - Micro Center
678234.0,379.99,Nvidia,ASUS,4060,ASUS NVIDIA GeForce RTX 4060 Ti Dual Advanced Edition Dual Fan 16GB GDDR6 PCIe 4.0 Graphics Card (Refurbished) - Micro Center
678235.0,379.99,Nvidia,PNY,4060,PNY NVIDIA GeForce RTX 4060 Ti Verto Dual Fan 16GB GDDR6 PCIe 4.0 Graphics Card (Refurbished) - Micro Center
678236.0,379.99,Nvidia,Gigabyte,4060,Gigabyte NVIDIA GeForce RTX 4060 Ti Windforce Overclocked Dual Fan 16GB GDDR6 PCIe 4.0 Graphics Card (Refurbished) - Micro Center
677169.0,389.99,Nvidia,Zotac,4060,Zotac NVIDIA GeForce RTX 4060 Ti Gaming Overclocked Dual Fan 8GB GDDR6 PCIe 4.0 Graphics Card - Micro Center
678532.0,399.99,Nvidia,ASUS,4060,ASUS NVIDIA GeForce RTX 4060 Ti Dual EVO Overclocked Dual Fan 8GB GDDR6 PCIe 4.0 Graphics Card - Micro Center
671033.0,68.26,Nvidia,MSI,4070,MSI NVIDIA GeForce RTX 4070 Ti VENTUS 3X Overclocked Triple Fan 12GB GDDR6X PCIe 4.0 Graphics Card - Micro Center
671034.0,147.6,Nvidia,MSI,4070,MSI NVIDIA GeForce RTX 4070 Ti VENTUS 2X White Overclocked Dual Fan 12GB GDDR6X PCIe 4.0 Graphics Card - Micro Center
676559.0,153.0,Nvidia,MSI,4070,MSI NVIDIA GeForce RTX 4070 Ti Super Ventus 3X Triple Fan 16GB GDDR6X PCIe 4.0 Graphics Card - Micro Center
671032.0,187.2,Nvidia,MSI,4070,MSI NVIDIA GeForce RTX 4070 Ti Gaming X Slim Overclocked Triple Fan 12GB GDDR6X PCIe 4.0 Graphics Card - Micro Center
666824.0,479.99,Nvidia,ASUS,4070,ASUS NVIDIA GeForce RTX 4070 ROG Strix Overclocked Triple Fan 12GB GDDR6X PCIe 4.0 Graphics Card - Micro Center
678118.0,479.99,Nvidia,ASUS,4070,ASUS NVIDIA GeForce RTX 4070 ROG Strix Overclocked Triple Fan 12GB GDDR6X PCIe 4.0 Graphics Card (Refurbished) - Micro Center
678119.0,479.99,Nvidia,ASUS,4070,ASUS NVIDIA GeForce RTX 4070 ROG Strix Triple Fan 12GB GDDR6X PCIe 4.0 Graphics Card (Refurbished) - Micro Center
678120.0,479.99,Nvidia,ASUS,4070,ASUS NVIDIA GeForce RTX 4070 Dual White Edition Overclocked Dual Fan 12GB GDDR6X PCIe 4.0 Graphics Card (Refurbished) - Micro Center
678121.0,479.99,Nvidia,ASUS,4070,ASUS NVIDIA GeForce RTX 4070 Dual White Overclocked Dual Fan 12GB GDDR6X PCIe 4.0 Graphics Card (Refurbished) - Micro Center
678122.0,479.99,Nvidia,NVIDIA,4070,NVIDIA GeForce RTX 4070 Founders Edition Dual Fan 12GB GDDR6X PCIe 4.0 Graphics Card (Refurbished) - Micro Center
678123.0,479.99,Nvidia,MSI,4070,MSI NVIDIA GeForce RTX 4070 Gaming X Slim Overclocked Triple Fan 12GB GDDR6X PCIe 4.0 Graphics Card (Refurbished) - Micro Center
678124.0,479.99,Nvidia,ASUS,4070,ASUS NVIDIA GeForce RTX 4070 ProArt Overclocked Triple Fan 12GB GDDR6X PCIe 4.0 Graphics Card (Refurbished) - Micro Center
678125.0,479.99,Nvidia,MSI,4070,MSI NVIDIA GeForce RTX 4070 VENTUS 2X White Overclocked Dual Fan 12GB GDDR6X PCIe 4.0 Graphics Card (Refurbished) - Micro Center
678126.0,479.99,Nvidia,Gigabyte,4070,Gigabyte NVIDIA GeForce RTX 4070 Windforce Overclocked Dual Fan 12GB GDDR6X PCIe 4.0 Graphics Card (Refurbished) - Micro Center
678127.0,479.99,Nvidia,ASUS,4070,ASUS NVIDIA GeForce RTX 4070 Dual EVO Overclocked Dual Fan 12GB GDDR6X PCIe 4.0 Graphics Card (Refurbished) - Micro Center
678237.0,529.99,Nvidia,ASUS,4070,ASUS NVIDIA GeForce RTX 4070 Super Dual Overclocked Dual Fan 12GB GDDR6X PCIe 4.0 Graphics Card (Refurbished) - Micro Center
678238.0,529.99,Nvidia,ASUS,4070,ASUS NVIDIA GeForce RTX 4070 Super Dual Dual Fan 12GB GDDR6X PCIe 4.0 Graphics Card (Refurbished) - Micro Center
678239.0,529.99,Nvidia,ASUS,4070,ASUS NVIDIA GeForce RTX 4070 Super TUF Gaming Overclocked Triple Fan 12GB GDDR6X PCIe 4.0 Graphics Card (Refurbished) - Micro Center
678240.0,529.99,Nvidia,ASUS,4070,ASUS NVIDIA GeForce RTX 4070 Super Dual White Overclocked Dual Fan 12GB GDDR6X PCIe 4.0 Graphics Card (Refurbished) - Micro Center
678241.0,529.99,Nvidia,ASUS,4070,ASUS NVIDIA GeForce RTX 4070 Super ROG Strix Overclocked Triple Fan 12GB GDDR6X PCIe 4.0 Graphics Card (Refurbished) - Micro Center
678242.0,529.99,Nvidia,Zotac,4070,Zotac NVIDIA GeForce RTX 4070 Super Trinity Black Edition Triple Fan 12GB GDDR6X PCIe 4.0 Graphics Card (Refurbished) - Micro Center
678243.0,529.99,Nvidia,Zotac,4070,Zotac NVIDIA GeForce RTX 4070 Super Twin Edge Dual Fan 12GB GDDR6X PCIe 4.0 Graphics Card (Refurbished) - Micro Center
678244.0,529.99,Nvidia,Zotac,4070,Zotac NVIDIA GeForce RTX 4070 Super Twin Edge Overclocked Dual Fan 12GB GDDR6X PCIe 4.0 Graphics Card (Refurbished) - Micro Center
678245.0,529.99,Nvidia,MSI,4070,MSI NVIDIA GeForce RTX 4070 Super VENTUS 2X Overclocked Dual Fan 12GB GDDR6X PCIe 4.0 Graphics Card (Refurbished) - Micro Center
678246.0,529.99,Nvidia,Gigabyte,4070,Gigabyte NVIDIA GeForce RTX 4070 Super AORUS Master Overclocked Triple Fan 12GB GDDR6X PCIe 4.0 Graphics Card (Refurbished) - Micro Center
678247.0,529.99,Nvidia,Gigabyte,4070,Gigabyte NVIDIA GeForce RTX 4070 Super Gaming Overclocked Triple Fan 12GB GDDR6X PCIe 4.0 Graphics Card (Refurbished) - Micro Center
678248.0,529.99,Nvidia,Gigabyte,4070,Gigabyte NVIDIA GeForce RTX 4070 Super Windforce Overclocked Triple Fan 12GB GDDR6X PCIe 4.0 Graphics Card (Refurbished) - Micro Center
678249.0,529.99,Nvidia,Gigabyte,4070,Gigabyte NVIDIA GeForce RTX 4070 Super Eagle Overclocked Triple Fan 12GB GDDR6X PCIe 4.0 Graphics Card (Refurbished) - Micro Center
678250.0,529.99,Nvidia,MSI,4070,MSI NVIDIA GeForce RTX 4070 Super Gaming X Slim Triple Fan 12GB GDDR6X PCIe 4.0 Graphics Card (Refurbished) - Micro Center
678251.0,529.99,Nvidia,MSI,4070,MSI NVIDIA GeForce RTX 4070 Super VENTUS 2X White Overclocked Dual Fan 12GB GDDR6X PCIe 4.0 Graphics Card (Refurbished) - Micro Center
678252.0,529.99,Nvidia,MSI,4070,MSI NVIDIA GeForce RTX 4070 Super VENTUS 3X Overclocked Triple Fan 12GB GDDR6X PCIe 4.0 Graphics Card (Refurbished) - Micro Center
678253.0,529.99,Nvidia,Gigabyte,4070,Gigabyte NVIDIA GeForce RTX 4070 Super AERO Overclocked Triple Fan 12GB GDDR6X PCIe 4.0 Graphics Card (Refurbished) - Micro Center
678254.0,529.99,Nvidia,PNY,4070,PNY NVIDIA GeForce RTX 4070 Super Verto Overclocked Dual Fan 12GB GDDR6X PCIe 4.0 Graphics Card (Refurbished) - Micro Center
678255.0,529.99,Nvidia,ASUS,4070,ASUS NVIDIA GeForce RTX 4070 Super ProArt Overclocked Triple Fan 12GB GDDR6X PCIe 4.0 Graphics Card (Refurbished) - Micro Center
678256.0,529.99,Nvidia,PNY,4070,PNY NVIDIA GeForce RTX 4070 Super XLR8 Gaming Verto Epic-X RGB Overclocked Triple Fan 12GB GDDR6X PCIe 4.0 Graphics Card - Micro Center
678257.0,529.99,Nvidia,Gigabyte,4070,Gigabyte NVIDIA GeForce RTX 4070 Super Eagle Ice Overclocked Triple Fan 12GB GDDR6X PCIe 4.0 Graphics Card (Refurbished) - Micro Center
666828.0,549.99,Nvidia,ASUS,4070,ASUS NVIDIA GeForce RTX 4070 ROG Strix Triple Fan 12GB GDDR6X PCIe 4.0 Graphics Card - Micro Center
676376.0,559.99,Nvidia,Gigabyte,4070,Gigabyte NVIDIA GeForce RTX 4070 Super AORUS Master Overclocked Triple Fan 12GB GDDR6X PCIe 4.0 Graphics Card - Micro Center
671035.0,569.99,Nvidia,MSI,4070,MSI NVIDIA GeForce RTX 4070 VENTUS 2X White Overclocked Dual Fan 12GB GDDR6X PCIe 4.0 Graphics Card - Micro Center
676479.0,594.99,Nvidia,PNY,4070,PNY NVIDIA GeForce RTX 4070 Super Verto Overclocked Dual Fan 12GB GDDR6X PCIe 4.0 Graphics Card - Micro Center
676383.0,599.99,Nvidia,Gigabyte,4070,Gigabyte NVIDIA GeForce RTX 4070 Super Windforce Overclocked Triple Fan 12GB GDDR6X PCIe 4.0 Graphics Card - Micro Center
678535.0,609.99,Nvidia,ASUS,4070,ASUS NVIDIA GeForce RTX 4070 Super Dual EVO Overclocked Dual Fan 12GB GDDR6X PCIe 4.0 Graphics Card - Micro Center
676135.0,619.99,Nvidia,ASUS,4070,ASUS NVIDIA GeForce RTX 4070 Super Dual White Overclocked Dual Fan 12GB GDDR6X PCIe 4.0 Graphics Card - Micro Center
676381.0,619.99,Nvidia,Gigabyte,4070,Gigabyte NVIDIA GeForce RTX 4070 Super Eagle RGB Overclocked Triple Fan 12GB GDDR6X PCIe 4.0 Graphics Card - Micro Center
676401.0,624.99,Nvidia,MSI,4070,MSI NVIDIA GeForce RTX 4070 Super VENTUS 2X Overclocked Dual Fan 12GB GDDR6X PCIe 4.0 Graphics Card - Micro Center
676380.0,629.99,Nvidia,Gigabyte,4070,Gigabyte NVIDIA GeForce RTX 4070 Super Gaming RGB Overclocked Triple Fan 12GB GDDR6X PCIe 4.0 Graphics Card - Micro Center
677538.0,629.99,Nvidia,PNY,4070,PNY NVIDIA GeForce RTX 4070 Super XLR8 Gaming Verto Epic-X RGB Overclocked Triple Fan 12GB GDDR6X PCIe 4.0 Graphics Card - Micro Center
677616.0,629.99,Nvidia,Gigabyte,4070,Gigabyte NVIDIA GeForce RTX 4070 Super Eagle Ice RGB Overclocked Triple Fan 12GB GDDR6X PCIe 4.0 Graphics Card - Micro Center
676402.0,634.99,Nvidia,MSI,4070,MSI NVIDIA GeForce RTX 4070 Super VENTUS 2X White Overclocked Dual Fan 12GB GDDR6X PCIe 4.0 Graphics Card - Micro Center
676403.0,634.99,Nvidia,MSI,4070,MSI NVIDIA GeForce RTX 4070 Super VENTUS 3X Overclocked Triple Fan 12GB GDDR6X PCIe 4.0 Graphics Card - Micro Center
676400.0,649.99,Nvidia,MSI,4070,MSI NVIDIA GeForce RTX 4070 Super Gaming X Slim RGB Triple Fan 12GB GDDR6X PCIe 4.0 Graphics Card - Micro Center
676378.0,679.99,Nvidia,Gigabyte,4070,Gigabyte NVIDIA GeForce RTX 4070 Super AERO RGB Overclocked Triple Fan 12GB GDDR6X PCIe 4.0 Graphics Card - Micro Center
677528.0,679.99,Nvidia,ASUS,4070,ASUS NVIDIA GeForce RTX 4070 Super ProArt Overclocked Triple Fan 12GB GDDR6X PCIe 4.0 Graphics Card - Micro Center
676134.0,689.99,Nvidia,ASUS,4070,ASUS NVIDIA GeForce RTX 4070 Super TUF Gaming RGB Overclocked Triple Fan 12GB GDDR6X PCIe 4.0 Graphics Card - Micro Center
677261.0,689.99,Nvidia,Gigabyte,4070,Gigabyte NVIDIA GeForce RTX 4070 Ti Aero White Overclocked Triple Fan 12GB GDDR6X PCIe 4.0 Graphics Card - Micro Center
678258.0,689.99,Nvidia,MSI,4070,MSI NVIDIA GeForce RTX 4070 Ti Gaming X Trio White Triple Fan 12GB GDDR6X PCIe 4.0 Graphics Card (Refurbished) - Micro Center
678259.0,689.99,Nvidia,ASUS,4070,ASUS NVIDIA GeForce RTX 4070 Ti ProArt Triple Fan 12GB GDDR6 PCIe 4.0 Graphics Card (Refurbished) - Micro Center
678260.0,689.99,Nvidia,Gigabyte,4070,Gigabyte NVIDIA GeForce RTX 4070 Ti Eagle V2 Overclocked Triple Fan 12GB GDDR6X PCIe 4.0 Graphics Card (Refurbished) - Micro Center
678261.0,689.99,Nvidia,Gigabyte,4070,Gigabyte NVIDIA GeForce RTX 4070 Ti Windforce Overclocked Triple Fan 12GB GDDR6X PCIe 4.0 Graphics Card (Refurbished) - Micro Center
678262.0,689.99,Nvidia,ASUS,4070,ASUS NVIDIA GeForce RTX 4070 Ti ProArt Overclocked Triple Fan 12GB GDDR6X PCIe 4.0 Graphics Card (Refurbished) - Micro Center
678263.0,689.99,Nvidia,Gigabyte,4070,Gigabyte NVIDIA GeForce RTX 4070 Ti Gaming V2 Overclocked Triple Fan 12GB GDDR6 PCIe 4.0 Graphics Card (Refurbished) - Micro Center
678264.0,689.99,Nvidia,Gigabyte,4070,Gigabyte NVIDIA GeForce RTX 4070 Ti Xtreme Waterforce Overclocked Liquid Cooled 12GB GDDR6 PCIe 4.0 Graphics Card - Micro Center
678265.0,689.99,Nvidia,MSI,4070,MSI NVIDIA GeForce RTX 4070 Ti VENTUS 3X Overclocked Triple Fan 12GB GDDR6X PCIe 4.0 Graphics Card (Refurbished) - Micro Center
678266.0,689.99,Nvidia,MSI,4070,MSI NVIDIA GeForce RTX 4070 Ti VENTUS 2X White Overclocked Dual Fan 12GB GDDR6X PCIe 4.0 Graphics Card (Refurbished) - Micro Center
678267.0,689.99,Nvidia,MSI,4070,MSI NVIDIA GeForce RTX 4070 Ti Gaming X Slim Overclocked Triple Fan 12GB GDDR6X PCIe 4.0 Graphics Card (Refurbished) - Micro Center
678268.0,689.99,Nvidia,ASUS,4070,ASUS NVIDIA GeForce RTX 4070 Ti TUF Gaming Overclocked Triple Fan 12GB GDDR6X PCIe 4.0 Graphics Card (Refurbished) - Micro Center
678269.0,689.99,Nvidia,Zotac,4070,Zotac NVIDIA GeForce RTX 4070 Ti Trinity White Overclocked Triple Fan 12GB GDDR6X PCIe 4.0 Graphics Card (Refurbished) - Micro Center
676366.0,719.99,Nvidia,Gigabyte,4070,Gigabyte NVIDIA GeForce RTX 4070 Ti Super Master Overclocked Triple Fan 16GB GDDR6X PCIe 4.0 Graphics Card - Micro Center
678270.0,719.99,Nvidia,ASUS,4070,ASUS NVIDIA GeForce RTX 4070 Ti Super TUF Gaming Overclocked Triple Fan 16GB GDDR6X PCIe 4.0 Graphics Card (Refurbished) - Micro Center
678271.0,719.99,Nvidia,ASUS,4070,ASUS NVIDIA GeForce RTX 4070 Ti Super TUF Gaming Triple Fan 16GB GDDR6X PCIe 4.0 Graphics Card (Refurbished) - Micro Center
678272.0,719.99,Nvidia,ASUS,4070,ASUS NVIDIA GeForce RTX 4070 Ti Super ROG Strix Overclocked Triple Fan 16GB GDDR6X PCIe 4.0 Graphics Card (Refurbished) - Micro Center
678273.0,719.99,Nvidia,Zotac,4070,Zotac NVIDIA GeForce RTX 4070 Ti Super Trinity Triple Fan 16GB GDDR6X PCIe 4.0 Graphics Card (Refurbished) - Micro Center
678274.0,719.99,Nvidia,Zotac,4070,Zotac NVIDIA GeForce RTX 4070 Ti Super AMP Holo Triple Fan 16GB GDDR6X PCIe 4.0 Graphics Card (Refurbished) - Micro Center
678275.0,719.99,Nvidia,Zotac,4070,Zotac NVIDIA GeForce RTX 4070 Ti Super Trinity White Overclocked Triple Fan 16GB GDDR6X PCIe 4.0 Graphics Card (Refurbished) - Micro Center
678276.0,719.99,Nvidia,Gigabyte,4070,Gigabyte NVIDIA GeForce RTX 4070 Ti Super Master Overclocked Triple Fan 16GB GDDR6X PCIe 4.0 Graphics Card (Refurbished) - Micro Center
678277.0,719.99,Nvidia,Gigabyte,4070,Gigabyte NVIDIA GeForce RTX 4070 Ti Super Aero Overclocked Triple Fan 16GB GDDR6X PCIe 4.0 Graphics Card (Refurbished) - Micro Center
678278.0,719.99,Nvidia,Gigabyte,4070,Gigabyte NVIDIA GeForce RTX 4070 Ti Super Gaming Overclocked Triple Fan 16GB GDDR6X PCIe 4.0 Graphics Card (Refurbished) - Micro Center
678279.0,719.99,Nvidia,Gigabyte,4070,Gigabyte NVIDIA GeForce RTX 4070 Ti Super Eagle Overclocked Triple Fan 16GB GDDR6X PCIe 4.0 Graphics Card (Refurbished) - Micro Center
678280.0,719.99,Nvidia,Gigabyte,4070,Gigabyte NVIDIA GeForce RTX 4070 Ti Super Windforce Overclocked Triple Fan 16GB GDDR6X PCIe 4.0 Graphics Card (Refurbished) - Micro Center
678281.0,719.99,Nvidia,MSI,4070,MSI NVIDIA GeForce RTX 4070 Ti Super Ventus 3X Overclocked Triple Fan 16GB GDDR6X PCIe 4.0 Graphics Card (Refurbished) - Micro Center
678282.0,719.99,Nvidia,MSI,4070,MSI NVIDIA GeForce RTX 4070 Ti Super Gaming X Slim Triple Fan 16GB GDDR6X PCIe 4.0 Graphics Card (Refurbished) - Micro Center
678283.0,719.99,Nvidia,MSI,4070,MSI NVIDIA GeForce RTX 4070 Ti Super Ventus 2X Overclocked Dual Fan 16GB GDDR6X PCIe 4.0 Graphics Card (Refurbished) - Micro Center
678284.0,719.99,Nvidia,MSI,4070,MSI NVIDIA GeForce RTX 4070 Ti Super Ventus 2X White Overclocked Dual Fan 16GB GDDR6X PCIe 4.0 Graphics Card (Refurbished) - Micro Center
678285.0,719.99,Nvidia,MSI,4070,MSI NVIDIA GeForce RTX 4070 Ti Super Gaming X Trio White Overclocked Triple Fan 16GB GDDR6X PCIe 4.0 Graphics Card - Micro Center
678286.0,719.99,Nvidia,MSI,4070,MSI NVIDIA GeForce RTX 4070 Ti Super Ventus 3X Triple Fan 16GB GDDR6X PCIe 4.0 Graphics Card (Refurbished) - Micro Center
678287.0,719.99,Nvidia,PNY,4070,PNY NVIDIA GeForce RTX 4070 Ti Super VERTO Overclocked Triple Fan 16GB GDDR6X PCIe 4.0 Graphics Card (Refurbished) - Micro Center
678288.0,719.99,Nvidia,ASUS,4070,ASUS NVIDIA GeForce RTX 4070 Ti Super ProArt Overclocked Triple Fan 16GB GDDR6X PCIe 4.0 Graphics Card (Refurbished) - Micro Center
678289.0,719.99,Nvidia,ASUS,4070,ASUS NVIDIA GeForce RTX 4070 Ti Super TUF Gaming White Overclocked Triple Fan 16GB GDDR6X PCIe 4.0 Graphics Card - Micro Center
678290.0,719.99,Nvidia,PNY,4070,PNY NVIDIA GeForce RTX 4070 Ti Super XLR8 Gaming VERTO Epic-X RGB Overclocked Triple Fan 16GB GDDR6X PCIe 4.0 Graphics Card - Micro Center
678291.0,719.99,Nvidia,Gigabyte,4070,Gigabyte NVIDIA GeForce RTX 4070 Ti Super Eagle Ice Overclocked Triple Fan 16GB GDDR6X PCIe 4.0 Graphics Card (Refurbished) - Micro Center
676133.0,759.99,Nvidia,ASUS,4070,ASUS NVIDIA GeForce RTX 4070 Super ROG Strix RGB Overclocked Triple Fan 12GB GDDR6X PCIe 4.0 Graphics Card - Micro Center
676607.0,799.99,Nvidia,PNY,4070,PNY NVIDIA GeForce RTX 4070 Ti Super VERTO Overclocked Triple Fan 16GB GDDR6X PCIe 4.0 Graphics Card - Micro Center
676374.0,799.99,Nvidia,Gigabyte,4070,Gigabyte NVIDIA GeForce RTX 4070 Ti Super Windforce Overclocked Triple Fan 16GB GDDR6X PCIe 4.0 Graphics Card - Micro Center
676561.0,799.99,Nvidia,MSI,4070,MSI NVIDIA GeForce RTX 4070 Ti Super Ventus 2X Overclocked Dual Fan 16GB GDDR6X PCIe 4.0 Graphics Card - Micro Center
676560.0,809.99,Nvidia,MSI,4070,MSI NVIDIA GeForce RTX 4070 Ti Super Ventus 2X White Overclocked Dual Fan 16GB GDDR6X PCIe 4.0 Graphics Card - Micro Center
676371.0,829.99,Nvidia,Gigabyte,4070,Gigabyte NVIDIA GeForce RTX 4070 Ti Super Eagle RGB Overclocked Triple Fan 16GB GDDR6X PCIe 4.0 Graphics Card - Micro Center
677617.0,829.99,Nvidia,Gigabyte,4070,Gigabyte NVIDIA GeForce RTX 4070 Ti Super Eagle Ice Overclocked Triple Fan 16GB GDDR6X PCIe 4.0 Graphics Card - Micro Center
676369.0,839.99,Nvidia,Gigabyte,4070,Gigabyte NVIDIA GeForce RTX 4070 Ti Super Gaming RGB Overclocked Triple Fan 16GB GDDR6X PCIe 4.0 Graphics Card - Micro Center
676652.0,839.99,Nvidia,PNY,4070,PNY NVIDIA GeForce RTX 4070 Ti Super XLR8 Gaming VERTO Epic-X RGB Overclocked Triple Fan 16GB GDDR6X PCIe 4.0 Graphics Card - Micro Center
676558.0,849.99,Nvidia,MSI,4070,MSI NVIDIA GeForce RTX 4070 Ti Super Ventus 3X Overclocked Triple Fan 16GB GDDR6X PCIe 4.0 Graphics Card - Micro Center
676557.0,869.99,Nvidia,MSI,4070,MSI NVIDIA GeForce RTX 4070 Ti Super Gaming X Slim RGB Triple Fan 16GB GDDR6X PCIe 4.0 Graphics Card - Micro Center
676368.0,879.99,Nvidia,Gigabyte,4070,Gigabyte NVIDIA GeForce RTX 4070 Ti Super Aero RGB Overclocked Triple Fan 16GB GDDR6X PCIe 4.0 Graphics Card - Micro Center
676562.0,879.99,Nvidia,ASUS,4070,ASUS NVIDIA GeForce RTX 4070 Ti Super ProArt Overclocked Triple Fan 16GB GDDR6X PCIe 4.0 Graphics Card - Micro Center
676565.0,879.99,Nvidia,ASUS,4070,ASUS NVIDIA GeForce RTX 4070 Ti Super TUF Gaming White RGB Overclocked Triple Fan 16GB GDDR6X PCIe 4.0 Graphics Card - Micro Center
676554.0,889.99,Nvidia,MSI,4070,MSI NVIDIA GeForce RTX 4070 Ti Super Gaming X Trio White RGB Overclocked Triple Fan 16GB GDDR6X PCIe 4.0 Graphics Card - Micro Center
678529.0,929.99,Nvidia,ASUS,4070,ASUS NVIDIA GeForce RTX 4070 Ti Super ROG Strix RGB Triple Fan 16GB GDDR6X PCIe 4.0 Graphics Card - Micro Center
660976.0,14.93,Nvidia,Zotac,4080,Zotac NVIDIA GeForce RTX 4080 Trinity Triple Fan 16GB GDDR6X PCIe 4.0 Graphics Card - Micro Center
660834.0,103.68,Nvidia,ASUS,4080,ASUS NVIDIA GeForce RTX 4080 TUF Gaming Triple Fan 16GB GDDR6X PCIe 4.0 Graphics Card - Micro Center
661074.0,131.76,Nvidia,PNY,4080,PNY NVIDIA GeForce RTX 4080 XLR8 Verto Epic-X Overclocked Triple Fan 16GB GDDR6X PCIe 4.0 Graphics Card - Micro Center
660975.0,180.0,Nvidia,Zotac,4080,Zotac NVIDIA GeForce RTX 4080 AMP Extreme AIRO Triple Fan 16GB GDDR6X PCIe 4.0 Graphics Card - Micro Center
676364.0,180.0,Nvidia,Gigabyte,4080,Gigabyte NVIDIA GeForce RTX 4080 Super Windforce Triple Fan 16GB GDDR6X PCIe 4.0 Graphics Card - Micro Center
660962.0,184.32,Nvidia,MSI,4080,MSI NVIDIA GeForce RTX 4080 Gaming X Trio Overclocked Triple Fan 16GB GDDR6X PCIe 4.0 Graphics Card - Micro Center
660995.0,479.99,Nvidia,Zotac,4080,Zotac NVIDIA GeForce RTX 4080 Trinity Overclocked Triple Fan 16GB GDDR6X PCIe 4.0 Graphics Card - Micro Center
676633.0,500.0,Nvidia,MSI,4080,MSI NVIDIA GeForce RTX 4080 Super Ventus 3X Triple Fan 16GB GDDR6X PCIe 4.0 Graphics Card - Micro Center
663067.0,512.0,Nvidia,ASUS,4080,ASUS NVIDIA GeForce RTX 4080 ROG Strix White Overclocked Triple Fan 16GB GDDR6X PCIe 4.0 Graphics Card - Micro Center
677202.0,600.0,Nvidia,ASUS,4080,ASUS NVIDIA GeForce RTX 4080 Super ROG Strix Overclocked Triple Fan 16GB GDDR6X PCIe 4.0 Graphics Card - Micro Center
660961.0,716.79,Nvidia,MSI,4080,MSI NVIDIA GeForce RTX 4080 Suprim X Overclocked Triple Fan 16GB GDDR6X PCIe 4.0 Graphics Card - Micro Center
660963.0,783.99,Nvidia,MSI,4080,MSI NVIDIA GeForce RTX 4080 Ventus 3X Overclocked Triple Fan 16GB GDDR6X PCIe 4.0 Graphics Card - Micro Center
660832.0,793.59,Nvidia,ASUS,4080,ASUS NVIDIA GeForce RTX 4080 ROG Strix Overclocked Triple Fan 16GB GDDR6X PCIe 4.0 Graphics Card - Micro Center
676894.0,839.99,Nvidia,MSI,4080,MSI NVIDIA GeForce RTX 4080 Ventus 3X Overclocked Triple Fan 16GB GDDR6X PCIe 4.0 Graphics Card (Refurbished) - Micro Center
678128.0,869.99,Nvidia,PNY,4080,PNY NVIDIA GeForce RTX 4080 XLR8 Gaming Verto Epic-X RGB Triple Fan 16GB GDDR6X PCIe 4.0 Graphics Card (Refurbished) - Micro Center
678129.0,869.99,Nvidia,NVIDIA,4080,NVIDIA GeForce RTX 4080 Founders Edition Dual Fan 16GB GDDR6X PCIe 4.0 Graphics Card (Refurbished) - Micro Center
678130.0,869.99,Nvidia,ASUS,4080,ASUS NVIDIA GeForce RTX 4080 ProArt Triple Fan 16GB GDDR6X PCIe 4.0 Graphics Card (Refurbished) - Micro Center
678131.0,869.99,Nvidia,ASUS,4080,ASUS NVIDIA GeForce RTX 4080 ProArt Overclocked Triple Fan 16GB GDDR6X PCIe 4.0 Graphics Card (Refurbished) - Micro Center
678132.0,869.99,Nvidia,Zotac,4080,Zotac NVIDIA GeForce RTX 4080 Trinity White Overclocked Triple Fan 16GB GDDR6X PCIe 4.0 Graphics Card (Refurbished) - Micro Center
678133.0,869.99,Nvidia,PNY,4080,PNY NVIDIA GeForce RTX 4080 VERTO Triple Fan 16GB GDDR6X PCIe 4.0 Graphics Card (Refurbished) - Micro Center
678292.0,869.99,Nvidia,ASUS,4080,ASUS NVIDIA GeForce RTX 4080 Super TUF Gaming Triple Fan 16GB GDDR6X PCIe 4.0 Graphics Card (Refurbished) - Micro Center
678293.0,869.99,Nvidia,ASUS,4080,ASUS NVIDIA GeForce RTX 4080 Super ROG Strix Overclocked Triple Fan 16GB GDDR6X PCIe 4.0 Graphics Card (Refurbished) - Micro Center
678294.0,869.99,Nvidia,ASUS,4080,ASUS NVIDIA GeForce RTX 4080 Super TUF Gaming Overclocked Triple Fan 16GB GDDR6X PCIe 4.0 Graphics Card (Refurbished) - Micro Center
678295.0,869.99,Nvidia,Zotac,4080,Zotac NVIDIA GeForce RTX 4080 Super AMP Extreme AIRO Overclocked Triple Fan 16GB GDDR6X PCIe 4.0 Graphics Card (Refurbished) - Micro Center
678296.0,869.99,Nvidia,Zotac,4080,Zotac NVIDIA GeForce RTX 4080 Super Trinity Black Edition Overclocked Triple Fan 16GB GDDR6X PCIe 4.0 Graphics Card - Micro Center
678297.0,869.99,Nvidia,Zotac,4080,Zotac NVIDIA GeForce RTX 4080 Super Trinity White Edition Overclocked Triple Fan 16GB GDDR6X PCIe 4.0 Graphics Card - Micro Center
678298.0,869.99,Nvidia,Gigabyte,4080,Gigabyte NVIDIA GeForce RTX 4080 Super Windforce Triple Fan 16GB GDDR6X PCIe 4.0 Graphics Card (Refurbished) - Micro Center
678299.0,869.99,Nvidia,Gigabyte,4080,Gigabyte NVIDIA GeForce RTX 4080 Super Gaming Overclocked Triple Fan 16GB GDDR6X PCIe 4.0 Graphics Card (Refurbished) - Micro Center
678300.0,869.99,Nvidia,Gigabyte,4080,Gigabyte NVIDIA GeForce RTX 4080 Super Aero Overclocked Triple Fan 16GB GDDR6X PCIe 4.0 Graphics Card (Refurbished) - Micro Center
678301.0,869.99,Nvidia,Gigabyte,4080,Gigabyte NVIDIA GeForce RTX 4080 Super Aorus Master Overclocked Triple Fan 16GB GDDR6X PCIe 4.0 Graphics Card (Refurbished) - Micro Center
678302.0,869.99,Nvidia,Gigabyte,4080,Gigabyte NVIDIA GeForce RTX 4080 Super Windforce V2 Triple Fan 16GB GDDR6X PCIe 4.0 Graphics Card (Refurbished) - Micro Center
678303.0,869.99,Nvidia,MSI,4080,MSI NVIDIA GeForce RTX 4080 Super Expert Dual Fan 16GB GDDR6X PCIe 4.0 Graphics Card (Refurbished) - Micro Center
678304.0,869.99,Nvidia,MSI,4080,MSI NVIDIA GeForce RTX 4080 Super Ventus 3X Overclocked Triple Fan 16GB GDDR6X PCIe 4.0 Graphics Card (Refurbished) - Micro Center
678305.0,869.99,Nvidia,MSI,4080,MSI NVIDIA GeForce RTX 4080 Super Gaming X Slim White Overclocked Triple Fan 16GB GDDR6X PCIe 4.0 Graphics Card (Refurbished) - Micro Center
678306.0,869.99,Nvidia,MSI,4080,MSI NVIDIA GeForce RTX 4080 Super Gaming X Slim Overclocked Triple Fan 16GB GDDR6X PCIe 4.0 Graphics Card (Refurbished) - Micro Center
678307.0,869.99,Nvidia,MSI,4080,MSI NVIDIA GeForce RTX 4080 Super Ventus 3X Triple Fan 16GB GDDR6X PCIe 4.0 Graphics Card (Refurbished) - Micro Center
678308.0,869.99,Nvidia,MSI,4080,MSI NVIDIA GeForce RTX 4080 Super Suprim X Overclocked Triple Fan 16GB GDDR6X PCIe 4.0 Graphics Card (Refurbished) - Micro Center
678309.0,869.99,Nvidia,ASUS,4080,ASUS NVIDIA GeForce RTX 4080 Super ProArt Overclocked Triple Fan 16GB GDDR6X PCIe 4.0 Graphics Card (Refurbished) - Micro Center
678310.0,869.99,Nvidia,PNY,4080,PNY NVIDIA GeForce RTX 4080 Super XLR8 Gaming VERTO EPIC-X RGB Overclocked Triple Fan 16GB GDDR6X PCIe 4.0 Graphics Card - Micro Center
678311.0,869.99,Nvidia,PNY,4080,PNY NVIDIA GeForce RTX 4080 Super VERTO Overclocked Triple Fan 16GB GDDR6X PCIe 4.0 Graphics Card (Refurbished) - Micro Center
678312.0,869.99,Nvidia,ASUS,4080,ASUS NVIDIA GeForce RTX 4080 Super ROG Strix White Overclocked Triple Fan 16GB GDDR6X PCIe 4.0 Graphics Card (Refurbished) - Micro Center
678313.0,869.99,Nvidia,ASUS,4080,ASUS NVIDIA GeForce RTX 4080 Super ROG Strix Overclocked Triple Fan 16GB GDDR6X PCIe 4.0 Graphics Card (Refurbished) - Micro Center
678314.0,869.99,Nvidia,ASUS,4080,ASUS NVIDIA GeForce RTX 4080 Super Noctua Overclocked Dual Fan 16GB GDDR6X PCIe 4.0 Graphics Card (Refurbished) - Micro Center
676869.0,989.99,Nvidia,PNY,4080,PNY NVIDIA GeForce RTX 4080 Super VERTO Overclocked Triple Fan 16GB GDDR6X PCIe 4.0 Graphics Card - Micro Center
676365.0,999.99,Nvidia,Gigabyte,4080,Gigabyte NVIDIA GeForce RTX 4080 Super Windforce V2 Triple Fan 16GB GDDR6X PCIe 4.0 Graphics Card - Micro Center
676867.0,1019.99,Nvidia,PNY,4080,PNY NVIDIA GeForce RTX 4080 Super XLR8 Gaming VERTO EPIC-X RGB Overclocked Triple Fan 16GB GDDR6X PCIe 4.0 Graphics Card - Micro Center
660836.0,1039.99,Nvidia,ASUS,4080,ASUS NVIDIA GeForce RTX 4080 TUF Gaming Overclocked Triple Fan 16GB GDDR6X PCIe 4.0 Graphics Card - Micro Center
676626.0,1049.99,Nvidia,MSI,4080,MSI NVIDIA GeForce RTX 4080 Super Ventus 3X Overclocked Triple Fan 16GB GDDR6X PCIe 4.0 Graphics Card - Micro Center
679897.0,1049.99,Nvidia,Zotac,4080,Zotac NVIDIA GeForce RTX 4080 SUPER AMP RGB Overclocked Triple Fan 16GB GDDR6X PCIe 4.0 Graphics Card - Micro Center
676234.0,1069.99,Nvidia,Zotac,4080,Zotac NVIDIA GeForce RTX 4080 Super Trinity White Edition RGB Overclocked Triple Fan 16GB GDDR6X PCIe 4.0 Graphics Card - Micro Center
676132.0,1099.99,Nvidia,ASUS,4080,ASUS NVIDIA GeForce RTX 4080 Super TUF Gaming RGB Overclocked Triple Fan 16GB GDDR6X PCIe 4.0 Graphics Card - Micro Center
676362.0,1099.99,Nvidia,Gigabyte,4080,Gigabyte NVIDIA GeForce RTX 4080 Super Gaming RGB Overclocked Triple Fan 16GB GDDR6X PCIe 4.0 Graphics Card - Micro Center
676608.0,1099.99,Nvidia,MSI,4080,MSI NVIDIA GeForce RTX 4080 Super Expert Dual Fan 16GB GDDR6X PCIe 4.0 Graphics Card - Micro Center
676623.0,1099.99,Nvidia,MSI,4080,MSI NVIDIA GeForce RTX 4080 Super Gaming X Slim White RGB Overclocked Triple Fan 16GB GDDR6X PCIe 4.0 Graphics Card - Micro Center
676624.0,1099.99,Nvidia,MSI,4080,MSI NVIDIA GeForce RTX 4080 Super Gaming X Slim RGB Overclocked Triple Fan 16GB GDDR6X PCIe 4.0 Graphics Card - Micro Center
676361.0,1149.99,Nvidia,Gigabyte,4080,Gigabyte NVIDIA GeForce RTX 4080 Super Aero RGB Overclocked Triple Fan 16GB GDDR6X PCIe 4.0 Graphics Card - Micro Center
676921.0,1149.99,Nvidia,ASUS,4080,ASUS NVIDIA GeForce RTX 4080 Super ProArt Overclocked Triple Fan 16GB GDDR6X PCIe 4.0 Graphics Card - Micro Center
676359.0,1199.99,Nvidia,Gigabyte,4080,Gigabyte NVIDIA GeForce RTX 4080 Super Aorus Master RGB Overclocked Triple Fan 16GB GDDR6X PCIe 4.0 Graphics Card - Micro Center
676606.0,1224.99,Nvidia,MSI,4080,MSI NVIDIA GeForce RTX 4080 Super Suprim X RGB Overclocked Triple Fan 16GB GDDR6X PCIe 4.0 Graphics Card - Micro Center
676131.0,1249.99,Nvidia,ASUS,4080,ASUS NVIDIA GeForce RTX 4080 Super ROG Strix RGB Overclocked Triple Fan 16GB GDDR6X PCIe 4.0 Graphics Card - Micro Center
676920.0,1299.99,Nvidia,ASUS,4080,ASUS NVIDIA GeForce RTX 4080 Super ROG Strix White RGB Overclocked Triple Fan 16GB GDDR6X PCIe 4.0 Graphics Card - Micro Center
677526.0,1299.99,Nvidia,ASUS,4080,ASUS NVIDIA GeForce RTX 4080 Super Noctua Overclocked Dual Fan 16GB GDDR6X PCIe 4.0 Graphics Card - Micro Center
659575.0,98.3,Nvidia,Zotac,4090,Zotac NVIDIA GeForce RTX 4090 Trinity Triple-Fan 24GB GDDR6X PCIe 4.0 Graphics Card - Micro Center
671282.0,119.23,Nvidia,ASUS,4090,ASUS NVIDIA GeForce RTX 4090 EVA-02 Edition Overclocked Triple Fan 24GB GDDR6X PCIe 4.0 Graphics Card - Micro Center
659687.0,142.56,Nvidia,ASUS,4090,ASUS GeForce RTX 4090 TUF Gaming Triple-Fan 24GB GDDR6X PCIe 4.0 Graphics Card - Micro Center
659533.0,279.36,Nvidia,MSI,4090,MSI GeForce RTX4090 SUPRIM X 24G Triple-Fan 24GB GDDR6X PCIe 4.0 Graphics Card - Micro Center
654056.0,288.0,Nvidia,Gigabyte,4090,Gigabyte NVIDIA GeForce RTX 4090 Windforce Triple Fan 24 GB GDDR6X PCIe 4.0 Graphics Card - Micro Center
668520.0,316.8,Nvidia,ASUS,4090,ASUS NVIDIA GeForce RTX 4090 ROG Strix LC Overclocked Liquid Cooled 24GB GDDR6X PCIe 4.0 Graphics Card - Micro Center
672116.0,345.6,Nvidia,ASUS,4090,ASUS NVIDIA GeForce RTX 4090 Matrix Platinum Overclocked Liquid Cooled 24GB GDDR6X PCIe 4.0 Graphics Card - Micro Center
661331.0,641.27,Nvidia,Zotac,4090,Zotac NVIDIA GeForce RTX 4090 Trinity Overclocked Triple Fan 24GB GDDR6X PCIe 4.0 Graphics Card - Micro Center
659513.0,728.0,Nvidia,PNY,4090,PNY NVIDIA GeForce RTX 4090 XLR8 Gaming Verto Epic-X RGB Triple Fan 24GB GDDR6X PCIe 4.0 Graphics Card - Micro Center
659576.0,878.39,Nvidia,Zotac,4090,Zotac NVIDIA GeForce RTX 4090 AMP Extreme AIRO Triple Fan 24GB GDDR6X PCIe 4.0 Graphics Card - Micro Center
678134.0,1569.99,Nvidia,Gigabyte,4090,Gigabyte NVIDIA GeForce RTX 4090 Windforce Triple Fan 24 GB GDDR6X PCIe 4.0 Graphics Card (Refurbished) - Micro Center
678135.0,1569.99,Nvidia,Gigabyte,4090,Gigabyte NVIDIA GeForce RTX 4090 Windforce V2 Overclocked Triple Fan 24GB GDDR6 PCIe 4.0 Graphics Card (Refurbished) - Micro Center
678136.0,1569.99,Nvidia,ASUS,4090,ASUS NVIDIA GeForce RTX 4090 TUF Gaming Overclocked Triple Fan 24GB GDDR6X PCIe 4.0 Graphics Card (Refurbished) - Micro Center
678137.0,1569.99,Nvidia,ASUS,4090,ASUS NVIDIA GeForce RTX 4090 ROG Strix LC Overclocked Liquid Cooled 24GB GDDR6X PCIe 4.0 Graphics Card (Refurbished) - Micro Center
678138.0,1569.99,Nvidia,ASUS,4090,ASUS NVIDIA GeForce RTX 4090 ROG Strix Liquid Cooled 24GB GDDR6X PCIe 4.0 Graphics Card (Refurbished) - Micro Center
678139.0,1569.99,Nvidia,ASUS,4090,ASUS GeForce RTX4090 TUF Gaming Overclocked Triple-Fan 24GB GDDR6X PCIe 4.0 Graphics Card (Refurbished) - Micro Center
678140.0,1569.99,Nvidia,MSI,4090,MSI NVIDIA GeForce RTX 4090 Gaming X Slim Overclocked Triple Fan 24GB GDDR6X PCIe 4.0 Graphics Card (Refurbished) - Micro Center
678141.0,1569.99,Nvidia,ASUS,4090,ASUS NVIDIA GeForce RTX 4090 EVA-02 Edition Overclocked Triple Fan 24GB GDDR6X PCIe 4.0 Graphics Card (Refurbished) - Micro Center
678142.0,1569.99,Nvidia,ASUS,4090,ASUS NVIDIA GeForce RTX 4090 Matrix Platinum Overclocked Liquid Cooled 24GB GDDR6X PCIe 4.0 Graphics Card (Refurbished) - Micro Center
678143.0,1569.99,Nvidia,PNY,4090,PNY NVIDIA GeForce RTX 4090 Verto Triple Fan 24GB GDDR6X PCIe 4.0 Graphics Card (Refurbished) - Micro Center
663856.0,1749.99,Nvidia,PNY,4090,PNY NVIDIA GeForce RTX 4090 Verto Triple Fan 24GB GDDR6X PCIe 4.0 Graphics Card - Micro Center
667906.0,1779.99,Nvidia,Gigabyte,4090,Gigabyte NVIDIA GeForce RTX 4090 Windforce V2 Overclocked Triple Fan 24GB GDDR6 PCIe 4.0 Graphics Card - Micro Center
661073.0,1789.99,Nvidia,PNY,4090,PNY NVIDIA GeForce RTX 4090 Verto Epic-X RGB Overclocked Triple Fan 24GB GDDR6X PCIe 4.0 Graphics Card - Micro Center
654055.0,1799.99,Nvidia,Gigabyte,4090,Gigabyte NVIDIA GeForce RTX 4090 Gaming RGB Overclocked Triple Fan 24GB GDDR6X PCIe 4.0 Graphics Card - Micro Center
659527.0,1809.99,Nvidia,MSI,4090,MSI NVIDIA GeForce RTX 4090 Gaming Trio RGB Triple Fan 24GB GDDR6X PCIe 4.0 Graphics Card - Micro Center
654070.0,1819.99,Nvidia,ASUS,4090,ASUS GeForce RTX4090 TUF Gaming RGB Overclocked Triple-Fan 24GB GDDR6X PCIe 4.0 Graphics Card - Micro Center
668521.0,1819.99,Nvidia,ASUS,4090,ASUS NVIDIA GeForce RTX 4090 TUF Gaming RGB Overclocked Triple Fan 24GB GDDR6X PCIe 4.0 Graphics Card - Micro Center
664673.0,1849.99,Nvidia,Gigabyte,4090,Gigabyte NVIDIA GeForce RTX 4090 Aero RGB Overclocked Triple Fan 24GB GDDR6X PCIe 4.0 Graphics Card - Micro Center
671031.0,1859.99,Nvidia,MSI,4090,MSI NVIDIA GeForce RTX 4090 Gaming X Slim RGB Overclocked Triple Fan 24GB GDDR6X PCIe 4.0 Graphics Card - Micro Center
659528.0,1864.99,Nvidia,MSI,4090,MSI NVIDIA GeForce RTX 4090 Gaming X Trio RGB Triple Fan 24GB GDDR6X PCIe 4.0 Graphics Card - Micro Center
663238.0,1899.99,Nvidia,Gigabyte,4090,Gigabyte NVIDIA GeForce RTX 4090 AORUS Master RGB Overclocked Triple Fan 24GB GDDR6X PCIe 4.0 Graphics Card - Micro Center
659534.0,1939.99,Nvidia,MSI,4090,MSI GeForce RTX4090 SUPRIM LIQUID X 24G RGB Hybrid Cooling 24GB GDDR6X PCIe 4.0 Graphics Card - Micro Center
654069.0,1999.99,Nvidia,ASUS,4090,ASUS NVIDIA GeForce RTX 4090 ROG Strix RGB Overclocked Triple Fan 24GB GDDR6X PCIe 4.0 Graphics Card - Micro Center
663237.0,1999.99,Nvidia,Gigabyte,4090,Gigabyte NVIDIA GeForce RTX 4090 Xtreme Waterforce RGB Overclocked Liquid Cooled 24GB GDDR6X PCIe 4.0 Graphics Card - Micro Center
663068.0,2099.99,Nvidia,ASUS,4090,ASUS NVIDIA GeForce RTX 4090 ROG Strix White RGB Overclocked Triple Fan 24GB GDDR6X PCIe 4.0 Graphics Card - Micro Center
678076.0,119.99,Nvidia,PNY,P220,PNY NVIDIA Quadro P220 Single Fan 5GB GDDR5X PCIe 3.0 Graphics Card (Refurbished) - Micro Center
678402.0,959.99,Nvidia,NVIDIA,TITAN,NVIDIA TITAN RTX Dual-Fan 24GB GDDR6 PCIe 3.0 Graphics Card (Refurbished) - Micro Center
678403.0,959.99,Nvidia,Bitspower,TITAN,Bitspower TITAN RTX Dual-Fan 24GB GDDR6 PCIe 3.0 Graphics Card (Refurbished) - Micro Center
,,,,,
